ID,Name,Start,End,Disciplines,Persons,Organisations,Publications,Alias,when_added
5294002a-89b4-4339-b1f8-5df547dc512a,Effects of muscle fatigue cognitive complexity and time pressure on the proprioceptive control of movement in young and older adults ,2014-10-01Z,2018-09-30Z,"['030116', '030128', '030132', '030199', '030399', '030403', '030499', '030616', '030628', '030632', '030699', '039999']","['ac3b8c71-68b3-4277-a7f5-d057a3dbe325', '86690a80-d34d-4672-b776-265a498d042b']","['d4a49766-ed89-4de9-a06b-3c45f728354f', 'd4a49766-ed89-4de9-a06b-3c45f728354f']",[],[],1
a47e7e86-d09d-42b8-a0d8-73d9a1c848ac,WAter MAnagement and urban DEvelopment in Ha Tinh in relation to climate change WAMADE ,2016-03-13Z,2019-12-31Z,['050203'],['8c662e7b-3e22-4f37-bc2f-a4c7f8593181'],['0b80bc7a-ea97-457b-a25b-366a1779c4ce'],[],[],1
0d2bd702-6a7d-44d0-a605-771e8a0cc9f8,Soil Care for profitable and sustainable crop production in Europe,2016-03-01Z,2021-02-28Z,"['010704', '040103']","['e6eafc5e-4084-4c4a-9829-6221b38221a6', '8d75503c-b197-42ff-97a2-ff3ca483bc49']","['a4fa9f04-7458-4b0b-bbce-f184b253499d', '960b6e0f-81e7-49eb-9e82-c1a0423d6a51']",[],[],1
a82e104a-b709-49eb-9d30-1cc938db1142,The neural basis of action understanding ,2010-10-01Z,2015-12-04Z,[],"['de8e4472-e658-4df6-9492-6538d8ea8ad9', '86690a80-d34d-4672-b776-265a498d042b', 'a44e7ec5-7a8b-4d57-9772-db90391f2ec3']","['d4a49766-ed89-4de9-a06b-3c45f728354f', 'd4a49766-ed89-4de9-a06b-3c45f728354f', 'd4a49766-ed89-4de9-a06b-3c45f728354f', 'd4a49766-ed89-4de9-a06b-3c45f728354f', 'd4a49766-ed89-4de9-a06b-3c45f728354f']",['87ddb404-b253-4cb4-8a00-864ee779113e'],[],1
c0497c3d-9ce9-4f8f-8cc2-3156105501da,SSAVE,2019-10-01Z,2022-03-31Z,['02030810'],['e739bf7a-76c2-4e6e-8b6e-4dcf863be95f'],['4ad02e7f-d5fa-4d66-98bb-d2f63929649a'],[],[],1
20a57fa5-8fd1-4f70-82e4-24b9fce719f4,Plant Optical Types to Predict Ecosystem Impacts of Plant Invasions ,2015-12-01Z,2020-05-31Z,"['010604', '010703', '010799']","['cfe09c7e-3600-4b8b-ae01-39d3f1d16ddf', '8c662e7b-3e22-4f37-bc2f-a4c7f8593181']","['91711c6f-4410-4aa8-acd3-ac3d3a48ed12', '0b80bc7a-ea97-457b-a25b-366a1779c4ce']",[],[],1
3cbbd147-7e7d-4c63-a680-2ebb76e7c93f,Repetitive subconcussive head impacts brain alterations and clinical consequences RepImpact ,2017-10-01Z,2020-09-30Z,"['030126', '030402', '030405', '030626', '030123', '030623', '050103', '050105', '050106']","['648fe7df-0f31-45a6-bf01-ae5e1ee51f93', 'ac68be55-0df7-45f1-b1c6-c0a077e5b09f', '86690a80-d34d-4672-b776-265a498d042b']","['d4a49766-ed89-4de9-a06b-3c45f728354f', 'd4a49766-ed89-4de9-a06b-3c45f728354f', 'd4a49766-ed89-4de9-a06b-3c45f728354f']",[],[],1
b3b0a763-09ec-4810-89d3-eea13c1a8e1f,Impacts of Climate Change on Catchment Runoff for the Paute River Basin in the Southern Ecuadorian Andes,2008-09-25Z,2013-10-23Z,"['020104', '020105', '020106', '020112', '020113', '010506']","['8d75503c-b197-42ff-97a2-ff3ca483bc49', 'bc0f9110-625d-405a-b5cb-bfe83ba3cc25', '25be478a-f518-4919-824b-773470c9d2c6']","['960b6e0f-81e7-49eb-9e82-c1a0423d6a51', 'b3431bac-9a24-47bc-9886-04e9efcb20a6', 'b3431bac-9a24-47bc-9886-04e9efcb20a6']",[],[],1
09c49e3e-6302-44de-8aed-225095adb18f,Remote sensing image processing algorithms for land use and land cover monitoring systems,2017-10-16Z,2020-10-15Z,"['020205', '020601', '020804']",['8c662e7b-3e22-4f37-bc2f-a4c7f8593181'],['0b80bc7a-ea97-457b-a25b-366a1779c4ce'],[],[],1
e5b31006-64a2-4e5a-a6c0-c60c31878e0c,The neural basis of lumbosacral proprioceptive impairment in recurrent low back pain ,2011-01-01Z,2015-02-12Z,"['030126', '030402', '030405', '030626']","['86690a80-d34d-4672-b776-265a498d042b', '93a6fe60-c22f-4163-8be0-cedcf6b57343', '864e99df-3ef6-4855-89da-291a2c8ab46a']","['d4a49766-ed89-4de9-a06b-3c45f728354f', '4de38627-7da8-4cd6-8b1e-5885812ee67e', '4de38627-7da8-4cd6-8b1e-5885812ee67e']",[],[],1
205ab707-76ed-4108-b23d-9b43c17d6c55,HI I T it The neurophysiological basis of high intensity interval training for enhancing motor learning and memory consolidation in young and older adults ,2019-10-01Z,2023-09-30Z,"['03011899', '03012302', '03012306', '03012399', '03040203']","['addb8b7b-77bb-4875-93c2-255754a58ad9', '86690a80-d34d-4672-b776-265a498d042b']","['d4a49766-ed89-4de9-a06b-3c45f728354f', 'd4a49766-ed89-4de9-a06b-3c45f728354f']",[],[],1
e7c76732-ade2-4de6-aa59-d3c56ffa36f2,Effects of non invasive brain stimulation on motor learning related neuroplasticity in healthy older adults,2016-04-01Z,2018-03-31Z,"['030123', '030623', '050103', '050105', '050106']","['4dfaba36-eae1-4cbd-9923-9e8bc163ec24', '86690a80-d34d-4672-b776-265a498d042b']","['d4a49766-ed89-4de9-a06b-3c45f728354f', 'd4a49766-ed89-4de9-a06b-3c45f728354f']",[],[],1
011bb996-d3d7-4a27-89e5-bfdedd0dc99b,Boosting motor learning related neuroplasticity in healthy older adults with non invasive brain stimulation ,2016-10-01Z,2019-09-30Z,"['030123', '030623', '050103', '050105', '050106']","['4dfaba36-eae1-4cbd-9923-9e8bc163ec24', '86690a80-d34d-4672-b776-265a498d042b']","['d4a49766-ed89-4de9-a06b-3c45f728354f', 'd4a49766-ed89-4de9-a06b-3c45f728354f']",[],[],1
211482e1-6b8b-4d3a-a924-184db68a358e,Resilience mechanisms for risk adapted forest management under climate change,2017-03-31Z,2022-03-30Z,"['010506', '020202', '029901']",['8c662e7b-3e22-4f37-bc2f-a4c7f8593181'],['0b80bc7a-ea97-457b-a25b-366a1779c4ce'],[],[],1
ab1bf07c-0140-4924-9ab0-4babd7f7f88f,Predicting ecosystem changes following invasions from plant functional types to plant optical types a proof of concept ,2015-10-01Z,2019-09-30Z,"['010606', '010610']",['8c662e7b-3e22-4f37-bc2f-a4c7f8593181'],['0b80bc7a-ea97-457b-a25b-366a1779c4ce'],[],[],1
23c8c239-a32e-4cd3-af98-ad7cbccb913a,High spatial resolution satellite imagery for irrigation scheduling in hedgerow cropping systems,2010-10-01Z,2018-10-03Z,"['020203', '020303', '020308', '020802', '040103', '040104', '040105']","['8c662e7b-3e22-4f37-bc2f-a4c7f8593181', '0be52f02-165a-450b-b667-18db67d62fdc', '50b8271e-6d30-4a94-8db5-ad891033a329']","['0b80bc7a-ea97-457b-a25b-366a1779c4ce', '125863a2-9da9-4703-a140-02d7179ab67e', 'a2927567-fc37-46ce-ab89-e620e2283982']",['d0dae7c8-74f3-4c5d-8058-ad164233d948'],[],1
91cf2af6-6fa7-4eea-9c21-9ff288679a34,The association between motor skill learning and dynamics of GABA synaptic density and connectivity in motor related brain regions ,2020-11-01Z,2022-10-31Z,"['03011804', '03011899', '03012306', '03022301', '03062302']","['24e9ba01-07dc-4123-af67-19e82f5fc108', '86690a80-d34d-4672-b776-265a498d042b']","['3597372b-603f-4e36-95a9-f6dc37270c36', 'd4a49766-ed89-4de9-a06b-3c45f728354f']",[],[],1
09dbfa6a-f154-4739-9e3b-617fc33d0d52,The Garden Monitor integrating remote sensing and crowd sourcing technology ,2015-12-01Z,2016-05-29Z,[],"['f24b0b3e-aaac-4145-a412-09b694c875d2', '8c662e7b-3e22-4f37-bc2f-a4c7f8593181']","['44f52db8-05c1-4410-b514-a88b0e3861a8', '0b80bc7a-ea97-457b-a25b-366a1779c4ce']",[],[],1
6a2a86db-54c9-4a77-9f9f-cebb7caaa9cc,Climate change adaptation and alien invasive species,2020-10-13Z,2024-10-13Z,"['01050607', '01050601', '01060408', '01060412', '01070306']","['8c662e7b-3e22-4f37-bc2f-a4c7f8593181', '5e160867-463e-485a-bacf-b684b1b2c87a', '8294d54d-0055-4d7f-9638-afe15b4ad46b', 'd6127a63-8800-404a-b7dc-868ff4b71a13']","['f74d3c9c-2f54-4b95-9b41-61afcfe2a878', 'f74d3c9c-2f54-4b95-9b41-61afcfe2a878', 'f74d3c9c-2f54-4b95-9b41-61afcfe2a878', 'f74d3c9c-2f54-4b95-9b41-61afcfe2a878']",[],[],1
ae938b38-ce3f-4437-9a9c-4199c4700979,Structural and functional brain connectivity for executive control over action in aging,2018-10-01Z,2021-09-30Z,"['030126', '030402', '030405', '030626', '030123', '030623', '050103', '050105', '050106', '050301']","['21ed9700-2c2c-460d-b2c4-bceb94ccf4ad', '86690a80-d34d-4672-b776-265a498d042b']","['d4a49766-ed89-4de9-a06b-3c45f728354f', 'd4a49766-ed89-4de9-a06b-3c45f728354f']",[],[],1
6cdc2277-f09a-48ee-b880-399086c3b863,The influence of visuomotor integration in complex gait in children with traumatic brain injury ,2012-04-15Z,2017-12-08Z,['050301'],"['c87d75b1-8366-46f5-820c-5a54a3bcbc2c', 'f77be49f-0931-4159-ba60-1f67db1afef1', '86690a80-d34d-4672-b776-265a498d042b']","['d4a49766-ed89-4de9-a06b-3c45f728354f', 'd4a49766-ed89-4de9-a06b-3c45f728354f', 'd4a49766-ed89-4de9-a06b-3c45f728354f']",[],[],1
6bd32496-58ff-4880-8da4-206b9122620c,Spatio temporal deep learning workflows for transforming remote sensing data into geo indicators for environmental policy support,2020-10-01Z,2024-09-30Z,"['01050607', '01050601', '01050602', '01050608']","['42028daa-109f-4595-b4d4-bfa8c376e764', '8c662e7b-3e22-4f37-bc2f-a4c7f8593181']","['b9a78e8d-96d6-4b0e-96eb-11dbd0510c85', 'f74d3c9c-2f54-4b95-9b41-61afcfe2a878']",[],[],1
59bd3122-9df1-4fa2-bb96-dee44144b88c,Inter and intra hemispheric interactions within the aging brain and their role in motor behavior,2017-10-01Z,2021-09-30Z,['050301'],"['4d5ed747-8441-474a-b95c-9a651fc564e5', '86690a80-d34d-4672-b776-265a498d042b']","['d4a49766-ed89-4de9-a06b-3c45f728354f', 'd4a49766-ed89-4de9-a06b-3c45f728354f']",[],[],1
8f2df717-10d9-405c-8bb8-6ede9abf3c58,This proposal addresses a fundamental issue regarding age related deficits in motor performance ,2008-01-15Z,2009-01-14Z,"['030126', '030402', '030405', '030626']",['86690a80-d34d-4672-b776-265a498d042b'],['d4a49766-ed89-4de9-a06b-3c45f728354f'],[],[],1
a9aa14c3-a019-4dc6-9274-f643ef1980dd,An Integrated software platform for Tagging Freezing of Gait in Parkinson Disease FOG IT ,2021-01-01Z,2022-12-31Z,"['02060304', '03040504']","['e739bf7a-76c2-4e6e-8b6e-4dcf863be95f', '8475bd7e-b269-4cd3-87ec-35f738abae3d', 'dc3e9628-e37c-47e2-a489-faf6943d89f5']","['4ad02e7f-d5fa-4d66-98bb-d2f63929649a', '34626744-cf82-4222-ba7a-2a7d48fb9bad', '9227b5cc-67a1-436d-a945-1bf1ff747006']",[],[],1
24553efd-54d8-4540-b346-ef0a0910cc90,Integrated movement analysis laboratory Assessment of human motion in health and disease ,2010-07-22Z,2017-01-21Z,"['030123', '030623', '050103', '050105', '050106']","['111c6e30-6fa0-4f2a-ba30-dd55fcd1b440', '70f3dbc4-adf0-4651-86fb-79c890f9fce5', '613d6865-33b0-45d0-b11b-4e24b2aa916f', '864e99df-3ef6-4855-89da-291a2c8ab46a', '2ef9872a-1413-4655-8a03-1c4000702885', 'dc3e9628-e37c-47e2-a489-faf6943d89f5', '55d353a6-6e40-4d75-b5b5-528108f6c7e1', '2c223289-3305-45c9-ba6c-ba5455cecf06', '83d887bf-c720-4eeb-baf4-a05267468ff3', '0594a1c1-b88b-4bea-b84c-77e05cb2371f', '899f8d78-2e47-4c3b-b0ed-5081711139a5', '86690a80-d34d-4672-b776-265a498d042b', 'c87d75b1-8366-46f5-820c-5a54a3bcbc2c']","['3af9973b-5dbf-4409-8da6-b81e5146ff5f', 'd4a49766-ed89-4de9-a06b-3c45f728354f', '4028a8e7-be14-4908-91ae-a744aa9a3e99', '4de38627-7da8-4cd6-8b1e-5885812ee67e', '4de38627-7da8-4cd6-8b1e-5885812ee67e', '9227b5cc-67a1-436d-a945-1bf1ff747006', '4de38627-7da8-4cd6-8b1e-5885812ee67e', '4de38627-7da8-4cd6-8b1e-5885812ee67e', 'fb978d7d-0d03-43a7-9606-82fb5f59c00d', 'b1f53768-3267-4ff0-bcd2-517b6b7295ab', '4de38627-7da8-4cd6-8b1e-5885812ee67e', 'd4a49766-ed89-4de9-a06b-3c45f728354f', 'd4a49766-ed89-4de9-a06b-3c45f728354f']",[],[],1
692cb8ed-2800-43a5-875f-b04cb956307f,Interhemispheric interactions in the aging brain and their tructural modulation with training induced europlasticity ,2013-10-01Z,2016-01-10Z,"['030501', '030502', '030504', '030506', '030507', '030508', '030509', '030510', '030599']","['04a08b45-3092-4d8e-8b4f-6815806d5b24', '86690a80-d34d-4672-b776-265a498d042b']","['d4a49766-ed89-4de9-a06b-3c45f728354f', 'd4a49766-ed89-4de9-a06b-3c45f728354f', 'd4a49766-ed89-4de9-a06b-3c45f728354f']",[],[],1
c687fb4d-d485-48cd-86f2-dc3c8df28cea,Deep learning for environmental monitoring by transforming earth observation data into geo indicators,2020-12-07Z,2024-12-07Z,"['02990105', '02020606', '01070307']","['8c662e7b-3e22-4f37-bc2f-a4c7f8593181', 'db2bef26-8ba7-4f98-bfa1-8861efcd6a9c']","['f74d3c9c-2f54-4b95-9b41-61afcfe2a878', 'f74d3c9c-2f54-4b95-9b41-61afcfe2a878']",[],[],1
b702b777-1f8a-429d-90d4-45c2630582cc,Motor learning in Parkinson s disease underlying effective connectivity and influential factors,2018-10-01Z,2022-09-30Z,"['030126', '030402', '030405', '030626']","['1f740f6b-2f2b-439b-b4c5-e03d453e6517', '86690a80-d34d-4672-b776-265a498d042b', '1ae9f189-eb2e-4840-a5d6-1bb5b22e2e1c', 'dc3e9628-e37c-47e2-a489-faf6943d89f5']","['2f78244c-3906-4b59-b570-45903c4a3ba1', 'd4a49766-ed89-4de9-a06b-3c45f728354f', '9227b5cc-67a1-436d-a945-1bf1ff747006', '9227b5cc-67a1-436d-a945-1bf1ff747006']",[],[],1
d77302ee-c31c-4e97-bdc4-46785fbe12a1,Identification and control for an autonomous inland waterway vessel,2020-09-01Z,2024-07-17Z,['02030810'],"['e81d9623-d4de-4f1b-b99d-e6abf261af28', 'e739bf7a-76c2-4e6e-8b6e-4dcf863be95f', '7902f1d8-3c2b-4d40-ad9f-83d651bf8da2', '354ff44c-11e9-473c-b747-40b77693e989']","['4ad02e7f-d5fa-4d66-98bb-d2f63929649a', '4ad02e7f-d5fa-4d66-98bb-d2f63929649a', '4ad02e7f-d5fa-4d66-98bb-d2f63929649a']",[],[],1
2931749c-91c2-4c23-b0da-2caf078ee6c1,The Internet of Drops linking small water related observations towards a cloud of data with IoT enabled sensor networks,2020-01-01Z,2021-12-31Z,"['02011204', '02020999']","['8d75503c-b197-42ff-97a2-ff3ca483bc49', 'aa875201-290c-42c2-858a-cda0eec753cb']","['960b6e0f-81e7-49eb-9e82-c1a0423d6a51', '960b6e0f-81e7-49eb-9e82-c1a0423d6a51']",[],[],1
d9fb2486-67e8-4f3a-9764-8ab977853e76,Remote Sensing for Sustainable Urban Development Case study in Ha Tinh Vietnam,2017-09-21Z,2021-09-21Z,"['010604', '010703', '010799', '040107', '010506', '020202', '029901', '020109', '060403', '060409']","['5e160867-463e-485a-bacf-b684b1b2c87a', '8c662e7b-3e22-4f37-bc2f-a4c7f8593181', '909aebb4-143d-4a16-bc8c-5d05a9b45cc7', 'c7eb328f-45ab-4581-9aef-69701882dcb2']","['0b80bc7a-ea97-457b-a25b-366a1779c4ce', '0b80bc7a-ea97-457b-a25b-366a1779c4ce', '0b80bc7a-ea97-457b-a25b-366a1779c4ce']",[],[],1
0aa1c9f5-b5d1-4f13-9169-af6f3918e9a2,Assessing the impact of canopy trait diversity on the drought response of Peruvian tropical forests ,2020-01-01Z,2023-12-31Z,"['01060412', '01050607', '01070305', '01070301', '01070309']","['8294d54d-0055-4d7f-9638-afe15b4ad46b', '8c662e7b-3e22-4f37-bc2f-a4c7f8593181']","['f74d3c9c-2f54-4b95-9b41-61afcfe2a878', 'f74d3c9c-2f54-4b95-9b41-61afcfe2a878']",[],[],1
fa704b33-2e9b-417b-bb85-c704e78bb839,Integrity of brain white matter and motor control,2019-08-02Z,2023-08-02Z,"['03012302', '03040203']","['4ac15bdf-f36c-4253-8713-0a765d05e104', 'd647d060-6eab-496c-bc2a-3976c8b4f744', '86690a80-d34d-4672-b776-265a498d042b']","['d4a49766-ed89-4de9-a06b-3c45f728354f', 'd4a49766-ed89-4de9-a06b-3c45f728354f', 'd4a49766-ed89-4de9-a06b-3c45f728354f']",[],[],1
71308cfe-e910-4bf4-b10b-81c805ef3f50,Mapping urban composition and green infrastructure using remote sensing in support of urban ecosystem service assessment,2015-01-01Z,2019-10-17Z,"['010604', '010703', '010799', '040107', '010506', '020202', '029901', '020109', '060403', '060409']","['4591515c-c628-4df8-83b0-12de1dd68509', '8c662e7b-3e22-4f37-bc2f-a4c7f8593181', '19f98a2b-6df7-4cee-aa46-9f47b2ca907c']","['0b80bc7a-ea97-457b-a25b-366a1779c4ce', '0b80bc7a-ea97-457b-a25b-366a1779c4ce', '0b80bc7a-ea97-457b-a25b-366a1779c4ce']",['591f0447-0d05-4e15-81bd-9779c8d46662'],[],1
79148f65-02b4-4657-b3c7-f8b07d8089ec,Broken mirron neurons in autism spectrum disorders Exploration of a partial deficit and or neuronal connectivity problems within the mirror neuron system ,2009-10-01Z,2015-09-30Z,"['030126', '030402', '030405', '030626', '030123', '030623', '050103', '050105', '050106']","['86690a80-d34d-4672-b776-265a498d042b', '09e1d20c-5149-4a04-b227-e29af152ba1b', 'de8e4472-e658-4df6-9492-6538d8ea8ad9']","['d4a49766-ed89-4de9-a06b-3c45f728354f', '9227b5cc-67a1-436d-a945-1bf1ff747006', 'd4a49766-ed89-4de9-a06b-3c45f728354f', 'd4a49766-ed89-4de9-a06b-3c45f728354f']",[],[],1
b8732b65-ca48-47f9-9f96-4052e9a1067f,ASSURING AUTONOMOUS SAILING FROM A TO B WHILE MINIMIZING OPERATIONAL COSTS,2019-11-22Z,2023-11-22Z,"['02070114', '02030805']","['e739bf7a-76c2-4e6e-8b6e-4dcf863be95f', 'e06d6076-df86-47f9-b7c5-5aec06e9c77e']","['4c3d49cc-8736-470b-8b73-df3dfe650617', 'd50eb33d-0171-4ae9-8900-4b2e0d981cc3']",[],[],1
2ffc3170-0009-48e5-a030-f4482430a546,Translational upper limb platform TULiP ,2016-10-01Z,2018-09-30Z,"['030126', '030402', '030405', '030626']","['4dfaba36-eae1-4cbd-9923-9e8bc163ec24', '86690a80-d34d-4672-b776-265a498d042b', '28911de0-146c-4d87-a3e1-798618a21817', '2989508d-a7d5-4116-9905-84e77fc6ec84', '0ae4b934-f24a-4ce8-a2a4-9fe5333726c8', 'ac3b8c71-68b3-4277-a7f5-d057a3dbe325', 'fa7286d6-92bc-4a85-9e5b-5de2b0ed3637', '09e1d20c-5149-4a04-b227-e29af152ba1b', 'dc3e9628-e37c-47e2-a489-faf6943d89f5', 'fdf2594c-3567-4950-b9a1-817a2d9a349e', 'd98397a8-4d25-4093-a33c-667ad9206865', 'dc9d87f9-70b9-4c5d-a224-e21520056c0c', '03073073-835a-4221-a439-9b002ad40a98', '8c253fe4-7dc3-49f0-99e7-0f17622e9797', '3bbc0be1-c0ee-4dcd-b233-a0e3d0d783ef']","['d4a49766-ed89-4de9-a06b-3c45f728354f', 'd4a49766-ed89-4de9-a06b-3c45f728354f', 'd4a49766-ed89-4de9-a06b-3c45f728354f', '9227b5cc-67a1-436d-a945-1bf1ff747006', 'd4a49766-ed89-4de9-a06b-3c45f728354f', 'd4a49766-ed89-4de9-a06b-3c45f728354f', 'd4a49766-ed89-4de9-a06b-3c45f728354f', '9227b5cc-67a1-436d-a945-1bf1ff747006', '9227b5cc-67a1-436d-a945-1bf1ff747006', '9227b5cc-67a1-436d-a945-1bf1ff747006', 'f064c0ce-1669-4df2-bed2-64d1af92ec9c', 'edf3485d-4ec8-4a61-950f-4a9ae7fdfcbe', '2b74417a-184c-44e3-8a5d-6eec295a34e5', '9227b5cc-67a1-436d-a945-1bf1ff747006', 'd4a49766-ed89-4de9-a06b-3c45f728354f']",[],[],1
3443aa53-eb17-4b9c-a1d4-48d478e3f399,Role of the cerebellum in reaction to perturbations during gait in humans ,2010-01-01Z,2013-12-31Z,"['030126', '030626', '030123', '030623', '050103', '050105', '050106']","['83d887bf-c720-4eeb-baf4-a05267468ff3', '86690a80-d34d-4672-b776-265a498d042b', '70f3dbc4-adf0-4651-86fb-79c890f9fce5', '38828534-4ccd-4ac1-9816-509009d867bc', 'c87d75b1-8366-46f5-820c-5a54a3bcbc2c']","['fb978d7d-0d03-43a7-9606-82fb5f59c00d', 'd4a49766-ed89-4de9-a06b-3c45f728354f', 'd4a49766-ed89-4de9-a06b-3c45f728354f', '394fd7a0-ae99-440a-ac07-9ac0365d80a9', 'd4a49766-ed89-4de9-a06b-3c45f728354f']",[],[],1
0b0e1c44-8e0a-49f0-be2f-a55a7bb1f4bf,Ad Usum Navigantium,2017-01-01Z,2018-12-31Z,"['02030810', '02030812']","['e739bf7a-76c2-4e6e-8b6e-4dcf863be95f', '588e039b-c485-4ec5-b851-2845f768eecb']","['4c3d49cc-8736-470b-8b73-df3dfe650617', '4561af97-d4f3-44b6-86c6-1948612007a0']",[],[],1
64c64d71-aa9d-476b-af24-8e9700f27c43,Diagnostics and recovery of motor function in children with traumatic brain injury neural structure function relationships regarding motor coordination ,2010-10-01Z,2012-09-30Z,"['030126', '030626', '030123', '030623', '050103', '050105', '050106', '050101', '050102', '050108']","['6124a508-42e5-4a2d-8d56-4c65ed3ac40d', '86690a80-d34d-4672-b776-265a498d042b']","['d4a49766-ed89-4de9-a06b-3c45f728354f', 'd4a49766-ed89-4de9-a06b-3c45f728354f']",[],[],1
de54f3a3-5cdd-45a5-8486-8271415814bb,Cognitive control over action in the aging brain patterns of cortical over activation and their underlying mechanisms ,2009-10-01Z,2012-02-29Z,"['030111', '030403', '030611', '030123', '030623', '050103', '050105', '050106', '030126', '030626']","['45160628-80a7-4123-8903-372c041f79d6', '86690a80-d34d-4672-b776-265a498d042b']","['d4a49766-ed89-4de9-a06b-3c45f728354f', 'd4a49766-ed89-4de9-a06b-3c45f728354f']",[],[],1
4a6b3e25-6405-45e0-a753-f665f4c0b711,Evaluation of novel remote sensing technologies to extract canopy vigor and crop load dynamics in fruit orchards,2017-01-01Z,2021-12-31Z,"['010604', '010703', '010799', '040107', '010506', '020202', '029901', '020109', '060403', '060409']","['fceea98d-9ddb-4fdb-94fa-962b0845f2f0', '8c662e7b-3e22-4f37-bc2f-a4c7f8593181']","['f74d3c9c-2f54-4b95-9b41-61afcfe2a878', 'f74d3c9c-2f54-4b95-9b41-61afcfe2a878']",[],[],1
5a669aaf-2b3a-42b3-9ff0-aa5ab5f906fe,High precision small animal radiotherapy platform ,2014-05-19Z,2018-12-31Z,['010605'],"['1c0c4ba1-dcd4-4a61-9b96-50425e044f35', '5e1c15ed-b104-4a36-9c4f-1dceaba839cc', '4943eb26-1ccc-492e-945e-57ee51d613bc', '565e0ce8-50d7-4975-9d1b-62f60b978ede', 'b5a8ebae-3a8b-447c-8337-394a1b7d05cf', 'e739bf7a-76c2-4e6e-8b6e-4dcf863be95f', '92c369e3-ff5b-44d0-aa49-26c122a4ee27', '3a7cf604-2fd9-44a9-bcca-8d64196f34e5', '2fe1423f-72a2-4ad3-936d-de39a36b7423']","['efd52278-342f-4f53-bb3d-cff6d116a342', '54921a19-f1b2-40b1-912d-a6065337fae0', 'b9a78e8d-96d6-4b0e-96eb-11dbd0510c85', '4c3d49cc-8736-470b-8b73-df3dfe650617', '063a69d2-c035-425c-be1a-7c7061feb382', '4c3d49cc-8736-470b-8b73-df3dfe650617', '7348ee08-0ff8-4cf0-8ba4-7cb550170d25', 'efd52278-342f-4f53-bb3d-cff6d116a342', 'efd52278-342f-4f53-bb3d-cff6d116a342']",[],[],1
6359b3bf-406b-4d16-b499-2678d05d1b1d,Development of a new method to predict ecosystem changes based on plant optical types,2016-02-01Z,2020-04-27Z,"['010604', '010703', '010799', '010506', '020202', '029901']","['cfe09c7e-3600-4b8b-ae01-39d3f1d16ddf', '8c662e7b-3e22-4f37-bc2f-a4c7f8593181', 'c8005e67-0c85-4876-8ac2-d404a7250def']","['91711c6f-4410-4aa8-acd3-ac3d3a48ed12', '0b80bc7a-ea97-457b-a25b-366a1779c4ce', '0b80bc7a-ea97-457b-a25b-366a1779c4ce']",[],[],1
170c04c2-f3e3-4b2d-beee-6bf6846c0d38,Aging and brain plasticity alterations in brain structure function and connectivity in relation to complex motor behavior ,2011-10-01Z,2016-09-30Z,"['050101', '050102', '050108', '030123', '030623', '050103', '050105', '050106', '030126', '030626']","['45160628-80a7-4123-8903-372c041f79d6', 'adad5a17-acd9-4739-a7a7-6d24920980d6', '86690a80-d34d-4672-b776-265a498d042b']","['d4a49766-ed89-4de9-a06b-3c45f728354f', 'd4a49766-ed89-4de9-a06b-3c45f728354f', 'd4a49766-ed89-4de9-a06b-3c45f728354f']",[],[],1
32835192-b48b-4f9e-afeb-a77154fa6ff5,Avatar promoting sustainable transport and removing bottlenecks in key network infrastructures,2020-05-01Z,2023-06-30Z,"['02010701', '02010706', '02011299', '02010799']",['e739bf7a-76c2-4e6e-8b6e-4dcf863be95f'],['4ad02e7f-d5fa-4d66-98bb-d2f63929649a'],[],[],1
88e2558f-835d-4c56-a6a5-c1680f4f2ea6,Modelling the effect of climate change and anthropogenic factors on Fynbos health and functioning using remote sensing,2020-10-05Z,2024-10-05Z,"['01050607', '01020104', '01060412', '01050601']","['5e160867-463e-485a-bacf-b684b1b2c87a', '8294d54d-0055-4d7f-9638-afe15b4ad46b', '8c662e7b-3e22-4f37-bc2f-a4c7f8593181']","['f74d3c9c-2f54-4b95-9b41-61afcfe2a878', 'f74d3c9c-2f54-4b95-9b41-61afcfe2a878', 'f74d3c9c-2f54-4b95-9b41-61afcfe2a878']",[],[],1
e7bda86b-da4b-479e-9848-d299353cf2f6,Gait rehabilitation needs a hand the inclusion of arm movements in gait rehabilitation training for patients with Cerebral Palsy ,2012-10-01Z,2013-09-30Z,"['030126', '030402', '030405', '030626']","['c87d75b1-8366-46f5-820c-5a54a3bcbc2c', '86690a80-d34d-4672-b776-265a498d042b', '53baf995-12be-4288-8764-7bf343cb5828', 'e7ff5a85-16b8-4e60-a3ac-4d6f4ec6c4c9']","['d4a49766-ed89-4de9-a06b-3c45f728354f', 'd4a49766-ed89-4de9-a06b-3c45f728354f', 'd4a49766-ed89-4de9-a06b-3c45f728354f', '9227b5cc-67a1-436d-a945-1bf1ff747006']",[],[],1
5062d1e9-8caf-44cb-8a02-c63bad16d1f0,Understanding and managing urban ectomycorrhizal fungi communities to increase the health and ecosystem service provisioning of urban trees,2017-02-28Z,2022-02-27Z,"['010604', '010703', '010799']","['cfe09c7e-3600-4b8b-ae01-39d3f1d16ddf', '8c662e7b-3e22-4f37-bc2f-a4c7f8593181']","['91711c6f-4410-4aa8-acd3-ac3d3a48ed12', '0b80bc7a-ea97-457b-a25b-366a1779c4ce']",[],[],1
2cba8c2f-b805-4b8c-8312-cd47e4255534,Local and global network interactions in the aging brain and their effect on motor performance ,2020-09-18Z,2024-09-18Z,"['03012306', '03012301', '03011899']","['86690a80-d34d-4672-b776-265a498d042b', '52ae5923-353a-4edc-879a-27bc9af82651']","['d4a49766-ed89-4de9-a06b-3c45f728354f', 'd4a49766-ed89-4de9-a06b-3c45f728354f']",[],[],1
cf23dfb1-24fd-41c3-a596-ce7705c5e16e,High density electroencephalography methods to investigate dynamic functional interactions between distant brain areas,2016-01-01Z,2019-12-31Z,"['030123', '030623', '050103', '050105', '050106']","['86690a80-d34d-4672-b776-265a498d042b', '88300587-3e99-4017-8d5b-7b3b38a490bd', 'fa7286d6-92bc-4a85-9e5b-5de2b0ed3637']","['d4a49766-ed89-4de9-a06b-3c45f728354f', '8d465769-007e-416c-8c12-74f61384c74d', 'd4a49766-ed89-4de9-a06b-3c45f728354f']",[],[],1
ebe85fbc-fd24-48c7-b80d-1d3a91802b0b,The journey of a memory dynamics of learning and consolidation in maturation and ageing,2018-01-01Z,2021-12-31Z,"['030123', '030623', '050103', '050105', '050106']","['fa7286d6-92bc-4a85-9e5b-5de2b0ed3637', '28911de0-146c-4d87-a3e1-798618a21817', '86690a80-d34d-4672-b776-265a498d042b']","['d4a49766-ed89-4de9-a06b-3c45f728354f', 'd4a49766-ed89-4de9-a06b-3c45f728354f', 'd4a49766-ed89-4de9-a06b-3c45f728354f']",[],[],1
d9275860-e153-438f-ac78-4effef7c11f2,Role of neurochemicals GABA in motor learning and task transfer,2019-08-14Z,2023-08-14Z,"['03012302', '05080203']","['6efc9a60-c6e9-49e1-bcb2-08fc64584b60', '4ac15bdf-f36c-4253-8713-0a765d05e104', '86690a80-d34d-4672-b776-265a498d042b', '12bd926a-0ae7-48d7-ae94-23085577f99e']","['d4a49766-ed89-4de9-a06b-3c45f728354f', 'd4a49766-ed89-4de9-a06b-3c45f728354f', 'd4a49766-ed89-4de9-a06b-3c45f728354f', 'd4a49766-ed89-4de9-a06b-3c45f728354f']",[],[],1
e51ccb9b-195b-4b5c-9c84-ca675411b5e3,Detection of plant invasive species and assessment of their impact on ecosystem properties through remote sensing DIARS ,2013-12-15Z,2017-12-14Z,['010610'],"['8c662e7b-3e22-4f37-bc2f-a4c7f8593181', 'cfe09c7e-3600-4b8b-ae01-39d3f1d16ddf']","['0b80bc7a-ea97-457b-a25b-366a1779c4ce', '91711c6f-4410-4aa8-acd3-ac3d3a48ed12']",[],[],1
9d2305bd-1ca4-47a6-adf2-4cdd5aaa337f,Characterizing and understanding grassland ecosystem functioning From functional to optical plant traits,2015-11-01Z,2019-12-18Z,"['010610', '010699', '019999', '010506', '020202', '029901']","['cfe09c7e-3600-4b8b-ae01-39d3f1d16ddf', '8c662e7b-3e22-4f37-bc2f-a4c7f8593181', 'efc94fc2-7e3f-4526-b08e-edc99473f762']","['91711c6f-4410-4aa8-acd3-ac3d3a48ed12', '0b80bc7a-ea97-457b-a25b-366a1779c4ce', '0b80bc7a-ea97-457b-a25b-366a1779c4ce']",['aa8f59ce-2d31-46ec-98b8-413e5ea4a79d'],[],1
8ea2f865-950e-439b-a9dc-ca5362d52dfe,Interactive Robotic Architecture,2018-01-09Z,2022-01-09Z,"['020502', '020504', '020507', '020599', '029999']","['e739bf7a-76c2-4e6e-8b6e-4dcf863be95f', '731961da-6588-445c-8829-8fdd7aa3646c', '0dc1358b-59c2-475e-b6a4-e6d4bf52cb9d']","['4c3d49cc-8736-470b-8b73-df3dfe650617', '4c3d49cc-8736-470b-8b73-df3dfe650617', '4c3d49cc-8736-470b-8b73-df3dfe650617']",[],[],1
f3883c5b-d7bf-4c8b-a371-5e1742f7b6d3,Aging and executive control mechanisms neural structure function relationships for inhibitory control of bimanual actions ,2010-01-01Z,2013-12-31Z,"['030123', '030623', '050103', '050105', '050106', '050101', '050102', '050108', '030126', '030626']","['24e9ba01-07dc-4123-af67-19e82f5fc108', '5b53e9fd-707e-4a83-b3eb-82106368b25f', '45160628-80a7-4123-8903-372c041f79d6', 'de8e4472-e658-4df6-9492-6538d8ea8ad9', 'f7064d30-7f08-4aaf-bd88-8675f490852c', '86690a80-d34d-4672-b776-265a498d042b']","['3597372b-603f-4e36-95a9-f6dc37270c36', 'd4a49766-ed89-4de9-a06b-3c45f728354f', 'd4a49766-ed89-4de9-a06b-3c45f728354f', 'd4a49766-ed89-4de9-a06b-3c45f728354f', 'db0e38e4-213d-462a-ae43-d1c7a1a97896', 'd4a49766-ed89-4de9-a06b-3c45f728354f']",[],[],1
13f5f4fb-45c8-49f3-a383-0cf187af335c,Optimizing the Energy Capture of Wind Propulsion Technologies with a Digital Twin Model,2020-05-28Z,2024-05-28Z,['02030409'],"['e739bf7a-76c2-4e6e-8b6e-4dcf863be95f', 'd9b84657-00bb-46eb-9025-e1f0ab60eb4a']","['4ad02e7f-d5fa-4d66-98bb-d2f63929649a', '4f7964f1-9092-4323-bfd0-6569a93d8bc8']",[],[],1
ec5b742c-ba0b-4b3b-8445-4f8ae8e7ed3c,High throughput field phenotyping using a drone with RGB imagery Exploiting the spectral spatial and temporal dimensions,2016-05-12Z,2020-11-10Z,"['010604', '010703', '010799', '040107', '010506', '020202', '029901', '020109', '060403', '060409']","['41c1cd81-bb22-47b4-a6a2-d24bc01d509a', '8c662e7b-3e22-4f37-bc2f-a4c7f8593181', '8f69aa46-97a2-4243-b1d8-9f6732979326', 'c7a52b3f-9f8f-46b4-96e4-230dbb465289']","['40f3b6e1-cf05-4258-8d42-78f1b5d0f410', 'f74d3c9c-2f54-4b95-9b41-61afcfe2a878', 'f74d3c9c-2f54-4b95-9b41-61afcfe2a878']",['178f2f24-53ad-430b-9543-3b752adc654c'],[],1
364d854f-1a5b-42ed-83fc-8807c0387365,6D object pose tracking,2020-05-29Z,2024-05-29Z,"['02020603', '02030804', '01020101']","['b2995f7d-fceb-4f05-8748-c6a70f4c2e98', 'e739bf7a-76c2-4e6e-8b6e-4dcf863be95f', '588e039b-c485-4ec5-b851-2845f768eecb', '63d8889b-342b-4efe-ba58-142d8e717937']","['a8b7e1fb-18eb-4790-9c23-fd80c2ae6826', '4ad02e7f-d5fa-4d66-98bb-d2f63929649a', '4ad02e7f-d5fa-4d66-98bb-d2f63929649a', '4ad02e7f-d5fa-4d66-98bb-d2f63929649a']",[],[],1
21f3bb2e-9bc5-4668-9bb4-6704f96730a4,Towards at home gait assessment of patients with Parkinson 39 s disease and freezing of gait,2017-10-01Z,2021-10-03Z,"['020203', '020303', '020308', '020802']","['dc3e9628-e37c-47e2-a489-faf6943d89f5', 'e739bf7a-76c2-4e6e-8b6e-4dcf863be95f', 'ffad1754-1ac5-4a52-9057-6c5421808fd5', '8475bd7e-b269-4cd3-87ec-35f738abae3d']","['9227b5cc-67a1-436d-a945-1bf1ff747006', '4ad02e7f-d5fa-4d66-98bb-d2f63929649a', '4c3d49cc-8736-470b-8b73-df3dfe650617', '34626744-cf82-4222-ba7a-2a7d48fb9bad']",[],[],1
3c261197-e0f3-45b0-95e4-b887096240c8,Granularity of white matter microstructure in the brain its role in brain function and motor behavior,2020-01-01Z,2020-12-31Z,"['05010303', '03012301']",['86690a80-d34d-4672-b776-265a498d042b'],['d4a49766-ed89-4de9-a06b-3c45f728354f'],[],[],1
ae12cf39-68d4-4c32-858a-c6419396cd57,Pre study to develop a UAV based monitoring tool for flowering intensity in strawberry ,2016-06-01Z,2016-11-30Z,"['040101', '040102', '040103', '040199', '010610', '040108', '040104', '040105']",['8c662e7b-3e22-4f37-bc2f-a4c7f8593181'],['0b80bc7a-ea97-457b-a25b-366a1779c4ce'],[],[],1
300e53bd-024a-4759-9d46-0ec4e6c7a6e9,Deep Learning image processing for crop management,2020-08-21Z,2024-08-21Z,"['01020104', '01020902', '01050607', '02990105', '04010201', '04010399']","['8c662e7b-3e22-4f37-bc2f-a4c7f8593181', 'c28288f6-5ec5-46cf-848b-a848195718b2', '57e60ee1-ed90-4a2c-a28c-568ae1fa38dd']","['f74d3c9c-2f54-4b95-9b41-61afcfe2a878', 'f74d3c9c-2f54-4b95-9b41-61afcfe2a878']",[],[],1
0ba5532e-a0ef-434b-924a-21f4c4254bff,BELAIR HESBANIA 2017 partial contract SR 01 351e ,2017-02-01Z,2019-12-31Z,"['020109', '060403', '060409', '010604', '010703', '010799', '010506', '020202', '029901', '040107']",['8c662e7b-3e22-4f37-bc2f-a4c7f8593181'],['0b80bc7a-ea97-457b-a25b-366a1779c4ce'],[],[],1
964dea0e-6baf-40ed-bbeb-fc00854ddaea,My Garden Lab Research in the backyard,2018-11-01Z,2020-10-31Z,"['01060412', '05040104', '05070301', '05030208', '02990103', '02990199']","['d4ccf139-644b-466a-bb3f-05c61346c2b2', '8c662e7b-3e22-4f37-bc2f-a4c7f8593181', 'f24b0b3e-aaac-4145-a412-09b694c875d2']","['d00b0b77-8517-47dc-9a5d-e856aa7d16f6', '0b80bc7a-ea97-457b-a25b-366a1779c4ce', '44f52db8-05c1-4410-b514-a88b0e3861a8']",[],[],1
0a974479-721a-49c7-8689-42f5291ba4af,Object Detection from 3D Point Clouds,2020-09-02Z,2024-09-02Z,['01020902'],"['e739bf7a-76c2-4e6e-8b6e-4dcf863be95f', '588e039b-c485-4ec5-b851-2845f768eecb', 'a5f0fe6c-897c-40a7-8dae-dc855a1ace25', 'b2995f7d-fceb-4f05-8748-c6a70f4c2e98']","['4ad02e7f-d5fa-4d66-98bb-d2f63929649a', '4ad02e7f-d5fa-4d66-98bb-d2f63929649a', 'a8b7e1fb-18eb-4790-9c23-fd80c2ae6826', 'a8b7e1fb-18eb-4790-9c23-fd80c2ae6826']",[],[],1
bba232ab-af80-4955-890b-9dd783c1952a,Driving oscillatory activity in the human response inhibition network to reveal the critical role of the brain areas contributing to motor inhibition ,2014-10-01Z,2019-03-01Z,"['030116', '030128', '030132', '030199', '030399', '030403', '030499', '030616', '030628', '030632', '030699', '039999']","['648fe7df-0f31-45a6-bf01-ae5e1ee51f93', '86690a80-d34d-4672-b776-265a498d042b']","['d4a49766-ed89-4de9-a06b-3c45f728354f', 'd4a49766-ed89-4de9-a06b-3c45f728354f']",[],[],1
f3a08f53-c664-4105-90d4-8c67f6b1a63e,Driving oscillatory activity in the human response inhibition network to reveal the critical role of the brain areas contributing to motor inhibition,2015-01-01Z,2017-12-31Z,"['030123', '030623', '050103', '050105', '050106']","['cfbf7e40-c765-4503-9c8c-e13acd16a0a7', '86690a80-d34d-4672-b776-265a498d042b', '45160628-80a7-4123-8903-372c041f79d6', '648fe7df-0f31-45a6-bf01-ae5e1ee51f93']","['394fd7a0-ae99-440a-ac07-9ac0365d80a9', 'd4a49766-ed89-4de9-a06b-3c45f728354f', 'd4a49766-ed89-4de9-a06b-3c45f728354f', 'd4a49766-ed89-4de9-a06b-3c45f728354f']",[],[],1
55526fe4-9152-4d17-bbf3-411f4d0a31ed,Ageing and brain plasticity Training induced alterations in spectral power of the brain and motor coordination,2012-10-19Z,2017-01-24Z,['050301'],"['fa7286d6-92bc-4a85-9e5b-5de2b0ed3637', '04aa3f60-4e44-4c93-9734-a42b71e77225', '86690a80-d34d-4672-b776-265a498d042b', '458a74c0-22fb-481e-b982-bfa1014623c4']","['d4a49766-ed89-4de9-a06b-3c45f728354f', 'd4a49766-ed89-4de9-a06b-3c45f728354f', 'd4a49766-ed89-4de9-a06b-3c45f728354f']",[],[],1
d4a95549-5be6-4675-97b3-3411015d59e2,Green roofs in context Understanding the impact of the local and regional environment on the diversity and performance of extensive green roofs,2015-02-27Z,2019-04-30Z,"['020109', '060403', '060409', '010506', '020202', '029901', '010604', '010703', '010799']","['8c662e7b-3e22-4f37-bc2f-a4c7f8593181', '5ee11615-fe0c-4ca4-b647-9bb665d2de5b', '4591515c-c628-4df8-83b0-12de1dd68509']","['0b80bc7a-ea97-457b-a25b-366a1779c4ce', '0b80bc7a-ea97-457b-a25b-366a1779c4ce', '0b80bc7a-ea97-457b-a25b-366a1779c4ce']",['ada15091-0c45-4b59-a5f6-413b3c437d8d'],[],1
acdc46e6-351b-47f6-be46-24217ac7ff90,Development of suspension packaging for e commerce ,2020-09-23Z,2024-09-23Z,['02039901'],"['657743cc-a641-48e9-b25d-07475e14a671', 'e739bf7a-76c2-4e6e-8b6e-4dcf863be95f', '4db343ee-c699-4620-804b-d404ac0082ce']","['4ad02e7f-d5fa-4d66-98bb-d2f63929649a', '4ad02e7f-d5fa-4d66-98bb-d2f63929649a', '50f583a5-bf4c-4e12-bc5a-cbf0fdd91430']",[],[],1
5b4b8f21-57dc-4935-9c5e-c8d0080c1f20,Cognitive processes associated with proprioceptive information processing in the elderly age related neural overactivation and compensatory recruitment ,2009-10-01Z,2010-09-30Z,"['030123', '030623', '050103', '050105', '050106', '050101', '050102', '050108', '030126', '030626']","['5b53e9fd-707e-4a83-b3eb-82106368b25f', '86690a80-d34d-4672-b776-265a498d042b']","['d4a49766-ed89-4de9-a06b-3c45f728354f', 'd4a49766-ed89-4de9-a06b-3c45f728354f']",[],[],1
61a31bf5-ff30-4af8-813a-e00c15b545d8,Remote sensing image processing algorithms for land use and land cover monitoring systems,2015-11-01Z,2019-10-15Z,"['020205', '020601', '020804']",['8c662e7b-3e22-4f37-bc2f-a4c7f8593181'],['0b80bc7a-ea97-457b-a25b-366a1779c4ce'],[],[],1
8b64dcf9-6c91-49a8-a994-fc603007ae00,Determining the impact of tree diversity on the drought response of Peruvian tropical forests ,2020-04-01Z,2024-04-01Z,"['04010702', '01050607', '01070306', '01070301']","['8294d54d-0055-4d7f-9638-afe15b4ad46b', 'f1683c54-5e0f-4f3f-a657-249ee7fbf1e1', '8c662e7b-3e22-4f37-bc2f-a4c7f8593181', '0e269295-ccd8-4d48-8b99-06fa47c37bc4']","['0b80bc7a-ea97-457b-a25b-366a1779c4ce', '0b80bc7a-ea97-457b-a25b-366a1779c4ce', '0b80bc7a-ea97-457b-a25b-366a1779c4ce', '0b80bc7a-ea97-457b-a25b-366a1779c4ce']",[],[],1
f4df85ba-71d3-4486-a434-529e3ddc60a2,Multi scale monitoring and modelling for the analysis of the hydrologic response of southern Ecuadorian Andean p ramos,2011-10-01Z,2017-10-24Z,"['010704', '040103']","['8d75503c-b197-42ff-97a2-ff3ca483bc49', '65da05b0-3483-4af2-a084-d666a3502b3b', '29de01e9-85cd-414b-ad63-f51bd7a1bb95']","['960b6e0f-81e7-49eb-9e82-c1a0423d6a51', '960b6e0f-81e7-49eb-9e82-c1a0423d6a51']",[],[],1
f0716bc5-0a1c-40a1-b15e-1377b0308eea,OPTIMUS,2013-10-01Z,2015-09-30Z,"['020110', '020199']","['81455a10-83cc-4a57-a33e-5e452892a407', '588e039b-c485-4ec5-b851-2845f768eecb', 'e739bf7a-76c2-4e6e-8b6e-4dcf863be95f']","['22358ad3-f0c0-4e35-88ca-7350f696036a', '4561af97-d4f3-44b6-86c6-1948612007a0', '4c3d49cc-8736-470b-8b73-df3dfe650617']",[],[],1
2764589f-b8c1-49e7-8a0a-aec6a8181beb,Neural basis of the effects of organization of practice on motor skill learning ,2012-11-01Z,2017-12-07Z,['050301'],"['addb8b7b-77bb-4875-93c2-255754a58ad9', '86690a80-d34d-4672-b776-265a498d042b']","['d4a49766-ed89-4de9-a06b-3c45f728354f', 'd4a49766-ed89-4de9-a06b-3c45f728354f']",['3c85b8b8-f912-4eb5-8f70-1701742f424e'],[],1
be5b3caa-50e3-40a0-8f68-1ab2eda190a9,Training postural and gait balance control in children with Cerebral Palsy associations between brain structural metrics and motor behavior,2015-01-01Z,2017-12-31Z,"['030123', '030623', '050103', '050105', '050106']","['86690a80-d34d-4672-b776-265a498d042b', 'e7ff5a85-16b8-4e60-a3ac-4d6f4ec6c4c9', '948f93c4-a6f1-4d4e-bce1-52e1029d2c9f', '53baf995-12be-4288-8764-7bf343cb5828']","['d4a49766-ed89-4de9-a06b-3c45f728354f', '9227b5cc-67a1-436d-a945-1bf1ff747006', 'f86ab9e1-574c-4521-a6c1-e10d77a2e495', 'd4a49766-ed89-4de9-a06b-3c45f728354f']",[],['fe443214-0574-435f-91ca-808c12edea70'],1
61186a47-b066-4c0c-a478-1c528ab92a46,The aging brain in action towards a multi modal imaging approach of motor control ,2014-01-01Z,2017-12-31Z,"['030126', '030402', '030405', '030626']",['86690a80-d34d-4672-b776-265a498d042b'],['d4a49766-ed89-4de9-a06b-3c45f728354f'],[],[],1
b4344970-ef11-4066-bbda-73519de7e862,How resistant and resilient are tropical forests against short term climate anomalies Addressing current challenges of remote sensing time series analysis ,2015-10-01Z,2017-01-18Z,"['030104', '030604']","['8c662e7b-3e22-4f37-bc2f-a4c7f8593181', 'f1683c54-5e0f-4f3f-a657-249ee7fbf1e1', '0be52f02-165a-450b-b667-18db67d62fdc']","['0b80bc7a-ea97-457b-a25b-366a1779c4ce', '0b80bc7a-ea97-457b-a25b-366a1779c4ce', '125863a2-9da9-4703-a140-02d7179ab67e']",[],[],1
00639011-f9c7-470b-ad8d-8158e2aecd8a,Brain Connectivity for Executive Control over Action in Ageing ,2018-05-01Z,2020-04-30Z,"['030123', '030623', '050103', '050105', '050106', '060202']","['21ed9700-2c2c-460d-b2c4-bceb94ccf4ad', '86690a80-d34d-4672-b776-265a498d042b']","['d4a49766-ed89-4de9-a06b-3c45f728354f', 'd4a49766-ed89-4de9-a06b-3c45f728354f']",[],[],1
63ab4cbd-55dc-4443-9535-115bd85d52ee,Sustainable and multi user management of water resources in La Palca basin in the Andes of Bolivia ,2017-01-01Z,2019-06-30Z,['04010302'],['8d75503c-b197-42ff-97a2-ff3ca483bc49'],['960b6e0f-81e7-49eb-9e82-c1a0423d6a51'],[],[],1
5c50c802-339a-47d3-b5cf-9ccb7ffb0841,Aging and movement control towards a multimodal imaging approach for the study of brain structure function and connectivity,2015-10-01Z,2021-09-30Z,"['030111', '030403', '030611', '030123', '030623', '050103', '050105', '050106', '030126', '030626']","['293541a2-9d65-40d2-9722-888d515ec907', '648fe7df-0f31-45a6-bf01-ae5e1ee51f93', 'fa7286d6-92bc-4a85-9e5b-5de2b0ed3637', '86690a80-d34d-4672-b776-265a498d042b']","['768e8302-3787-4638-a61c-b0a35d65f3e2', 'd4a49766-ed89-4de9-a06b-3c45f728354f', 'd4a49766-ed89-4de9-a06b-3c45f728354f', 'd4a49766-ed89-4de9-a06b-3c45f728354f']",[],[],1
8243f155-c1f8-40e0-a600-5df273affd1c,CUMULUS 3D object recognition localization and activity monitoring based on point clouds,2019-12-01Z,2021-11-30Z,['01020505'],"['e739bf7a-76c2-4e6e-8b6e-4dcf863be95f', '588e039b-c485-4ec5-b851-2845f768eecb', 'b2995f7d-fceb-4f05-8748-c6a70f4c2e98']","['4c3d49cc-8736-470b-8b73-df3dfe650617', '4561af97-d4f3-44b6-86c6-1948612007a0', '56f263ec-f9b2-467c-9261-8d505dd747e7']",[],[],1
12cb13ca-76bb-4790-bb0a-69c3b573c246,A Multimodal Neuroimaging Investigation into the Modulation of Motor Memory Consolidation By Stress,2015-10-02Z,2020-06-04Z,['050301'],"['86690a80-d34d-4672-b776-265a498d042b', '4dfaba36-eae1-4cbd-9923-9e8bc163ec24', '28911de0-146c-4d87-a3e1-798618a21817', '9b4370e7-73c3-40d5-ab58-573189515449']","['d4a49766-ed89-4de9-a06b-3c45f728354f', 'd4a49766-ed89-4de9-a06b-3c45f728354f', 'd4a49766-ed89-4de9-a06b-3c45f728354f', 'd4a49766-ed89-4de9-a06b-3c45f728354f']",['e2f14b0a-43ee-43d6-8a32-5ea41ac9c0cb'],[],1
22a4b6dc-2cb8-446b-97ac-3acb718724a8,Aging and brain plasticity alterations in brain structure function and connectivity during motor coordination ,2012-01-01Z,2015-12-31Z,"['030116', '030128', '030132', '030199', '030399', '030403', '030499', '030616', '030628', '030632', '030699', '039999']","['adad5a17-acd9-4739-a7a7-6d24920980d6', '45160628-80a7-4123-8903-372c041f79d6', '24e9ba01-07dc-4123-af67-19e82f5fc108', '293541a2-9d65-40d2-9722-888d515ec907', 'c87d75b1-8366-46f5-820c-5a54a3bcbc2c', '86690a80-d34d-4672-b776-265a498d042b']","['d4a49766-ed89-4de9-a06b-3c45f728354f', 'd4a49766-ed89-4de9-a06b-3c45f728354f', '3597372b-603f-4e36-95a9-f6dc37270c36', '768e8302-3787-4638-a61c-b0a35d65f3e2', 'd4a49766-ed89-4de9-a06b-3c45f728354f', 'd4a49766-ed89-4de9-a06b-3c45f728354f']",[],[],1
d892b020-b05d-48a9-bb20-cc5f362728b9,Analysis of neuromotor function following traumatic brain injury in adults changes in brain function and structure during bimanual coordination ,2009-11-16Z,2014-12-01Z,"['030126', '030626', '030123', '030623', '050103', '050105', '050106', '050101', '050102', '050108']","['ac68be55-0df7-45f1-b1c6-c0a077e5b09f', '86690a80-d34d-4672-b776-265a498d042b']","['d4a49766-ed89-4de9-a06b-3c45f728354f', 'd4a49766-ed89-4de9-a06b-3c45f728354f']",[],[],1
53f61a42-4312-4c5f-bc97-6f3f89c7828f,Sustainable packaging technology for e commerce,2020-09-23Z,2024-09-23Z,['02039901'],"['657743cc-a641-48e9-b25d-07475e14a671', 'e739bf7a-76c2-4e6e-8b6e-4dcf863be95f', '53e9c031-379f-4202-892c-52923993c112']","['4ad02e7f-d5fa-4d66-98bb-d2f63929649a', '4ad02e7f-d5fa-4d66-98bb-d2f63929649a', '4ad02e7f-d5fa-4d66-98bb-d2f63929649a']",[],[],1
3b945356-575e-4609-945d-1180a337b803,Field scale CFD modeling of spray application in orchards,2019-10-23Z,2023-10-23Z,"['02080304', '02070108', '02070102']","['bcc46b8c-d40a-48f2-8163-1f8ad8ca962b', '8c662e7b-3e22-4f37-bc2f-a4c7f8593181', '06640bab-08b1-471d-98f7-60a6f4d40012']","['a2927567-fc37-46ce-ab89-e620e2283982', '0b80bc7a-ea97-457b-a25b-366a1779c4ce', 'a2927567-fc37-46ce-ab89-e620e2283982']",[],[],1
9e7e9c40-8082-4152-acd8-2d9b6257acb6,Spatial inequality of urban vegetation distribution,2020-09-24Z,2024-09-24Z,['01050607'],['8c662e7b-3e22-4f37-bc2f-a4c7f8593181'],['f74d3c9c-2f54-4b95-9b41-61afcfe2a878'],[],[],1
d92f57c4-7607-4d09-b948-ecd06f239ebe,BELAIR LITORA 2017 Coordination SR 01 352a ,2017-02-01Z,2019-12-31Z,"['010506', '020202', '029901', '020109', '060403', '060409', '040107', '010604', '010703', '010799']",['8c662e7b-3e22-4f37-bc2f-a4c7f8593181'],['0b80bc7a-ea97-457b-a25b-366a1779c4ce'],[],[],1
ead268ca-c4dd-4180-97db-2a738f709c01,Looking through the clouds or fly below Developing a flexible drone platform for detection monitoring and mapping at KU Leuven,2021-01-01Z,2022-12-31Z,"['01070309', '01060408', '04010702', '01070301', '01050602', '01050603', '01050604', '01050607', '02030802', '04010201', '02010101', '02010305', '02010402', '06010107', '02990105', '02011202', '02011203', '02011204', '02011101']","['8c662e7b-3e22-4f37-bc2f-a4c7f8593181', 'bebfb9df-b3f3-4d8a-a61f-0a9fb3ba03b7', 'b2680261-15e4-4260-aee8-93afbb254029', 'cfe09c7e-3600-4b8b-ae01-39d3f1d16ddf', '2ddffac6-4bcc-4c7a-8c3f-97df6dcfa85c', '4ca9521b-67d9-40a7-b011-10f4145888e7', '29ceae96-7e5d-411c-aacf-37464cca96ea', '4e22ebb0-a1b4-430d-b266-b4f1fd3c2903', '6e97c969-cf3f-49e8-a012-2f22eb5bd8bf', '6b9bd13d-4967-4a8a-ac13-8ae8815cfe0e', '35646a48-875d-48b0-813e-606e623c1bab', '78694ec4-b096-4330-a5ba-72a634a3e873', 'eab25824-687c-4c90-bbb0-82e82cff48d8', '41c1cd81-bb22-47b4-a6a2-d24bc01d509a', '3afd0d45-9f1b-4ca9-aecf-054f252db876', 'e6dea7b8-504a-4a41-8b0b-5ccd26aef322', '8294d54d-0055-4d7f-9638-afe15b4ad46b']","['f74d3c9c-2f54-4b95-9b41-61afcfe2a878', 'f74d3c9c-2f54-4b95-9b41-61afcfe2a878', 'f74d3c9c-2f54-4b95-9b41-61afcfe2a878', '91711c6f-4410-4aa8-acd3-ac3d3a48ed12', '51d70731-540f-4100-b72f-ce3f78b2c009', '51d70731-540f-4100-b72f-ce3f78b2c009', '51d70731-540f-4100-b72f-ce3f78b2c009', '51d70731-540f-4100-b72f-ce3f78b2c009', 'e6632913-5614-4c4f-8b32-818f7ec19958', 'cd97bb28-9200-4ff3-866a-2035c5b30289', '6e6a5414-b4a8-4258-99b4-a5aca1124666', 'f74d3c9c-2f54-4b95-9b41-61afcfe2a878', '4ad02e7f-d5fa-4d66-98bb-d2f63929649a', '40f3b6e1-cf05-4258-8d42-78f1b5d0f410', '98a16771-8925-4a6b-b36c-04673978c5df', 'f74d3c9c-2f54-4b95-9b41-61afcfe2a878', 'f74d3c9c-2f54-4b95-9b41-61afcfe2a878']",[],[],1
1d2004b9-a22b-4f0e-ba44-a378b3e1cbc6,Water sensitive urban design in our cities urban green as a tool for water management ,2015-04-20Z,2020-02-19Z,"['020109', '060403', '060409', '010506', '020202', '029901', '040107', '010604', '010703', '010799']","['4591515c-c628-4df8-83b0-12de1dd68509', '355adf78-6457-4c8c-826a-824b35589eac', '8c662e7b-3e22-4f37-bc2f-a4c7f8593181', 'f6ac8970-bae6-45d0-8e6a-54e1967d8f17']","['0b80bc7a-ea97-457b-a25b-366a1779c4ce', '0b80bc7a-ea97-457b-a25b-366a1779c4ce', '0b80bc7a-ea97-457b-a25b-366a1779c4ce', '0b80bc7a-ea97-457b-a25b-366a1779c4ce', '0b80bc7a-ea97-457b-a25b-366a1779c4ce']",['25967bfb-d1d7-40ae-87a2-4577b0c5245b'],[],1
72b77d7a-71a6-45b8-b581-f07a5130c6ed,Neural basis for the interactions between head arms and legs during gait ,2011-01-01Z,2014-12-31Z,"['030126', '030626', '030123', '030623', '050103', '050105', '050106']","['70f3dbc4-adf0-4651-86fb-79c890f9fce5', '86690a80-d34d-4672-b776-265a498d042b', '83d887bf-c720-4eeb-baf4-a05267468ff3', 'e7ff5a85-16b8-4e60-a3ac-4d6f4ec6c4c9', '1db3f066-2098-4736-a458-6fc8ee5787c7', 'c87d75b1-8366-46f5-820c-5a54a3bcbc2c']","['d4a49766-ed89-4de9-a06b-3c45f728354f', 'd4a49766-ed89-4de9-a06b-3c45f728354f', 'fb978d7d-0d03-43a7-9606-82fb5f59c00d', '9227b5cc-67a1-436d-a945-1bf1ff747006', 'f86ab9e1-574c-4521-a6c1-e10d77a2e495', 'd4a49766-ed89-4de9-a06b-3c45f728354f']",[],[],1
caad2697-8daa-4330-ba45-3bab9d9b4107,Statistical spatial and temporal analysis of historical rainfall and evapotranspiration behavior for Ecuador,2013-10-01Z,2019-11-08Z,"['010704', '040103']","['bc0f9110-625d-405a-b5cb-bfe83ba3cc25', '8d75503c-b197-42ff-97a2-ff3ca483bc49', '730a58b2-af7e-49ca-b98e-c200d2c949ce']","['b3431bac-9a24-47bc-9886-04e9efcb20a6', '960b6e0f-81e7-49eb-9e82-c1a0423d6a51', '960b6e0f-81e7-49eb-9e82-c1a0423d6a51']",['c4a8fe49-6ead-4d7f-a76e-4dda1faa8f41'],[],1
60106737-fed7-4388-b1be-c0fabbc1212a,Diagnostics and recovery of neuromotor function following a traffic accident in children study of neural structure function relations with respect to movement coordination ,2010-01-01Z,2013-12-31Z,"['050101', '050102', '050108', '030123', '030623', '050103', '050105', '050106', '030126', '030626']","['70f3dbc4-adf0-4651-86fb-79c890f9fce5', 'f7064d30-7f08-4aaf-bd88-8675f490852c', '86690a80-d34d-4672-b776-265a498d042b']","['d4a49766-ed89-4de9-a06b-3c45f728354f', 'db0e38e4-213d-462a-ae43-d1c7a1a97896', 'd4a49766-ed89-4de9-a06b-3c45f728354f']",[],[],1
f3336a89-63d9-4522-a51c-e0a5348d8863,Compensatory neural recruitment as a result of traumatic brain injury the penetration of cognition into action ,2008-02-04Z,2010-09-30Z,"['030123', '030623', '050103', '050105', '050106', '030126', '030626', '050101', '050102', '050108']","['70f3dbc4-adf0-4651-86fb-79c890f9fce5', 'b7b68303-be6b-4a74-99b4-8cc46ef4dad9', '86690a80-d34d-4672-b776-265a498d042b']","['d4a49766-ed89-4de9-a06b-3c45f728354f', 'd4a49766-ed89-4de9-a06b-3c45f728354f', 'd4a49766-ed89-4de9-a06b-3c45f728354f']",[],[],1
f38c081e-168b-46ad-8b1f-552431484f0c,Inhibition and action in the aging brain role of GABA in brain function and network interactions,2018-01-01Z,2021-12-31Z,['010699'],"['293541a2-9d65-40d2-9722-888d515ec907', '648fe7df-0f31-45a6-bf01-ae5e1ee51f93', '6efc9a60-c6e9-49e1-bcb2-08fc64584b60', '4dfaba36-eae1-4cbd-9923-9e8bc163ec24', '86690a80-d34d-4672-b776-265a498d042b']","['768e8302-3787-4638-a61c-b0a35d65f3e2', 'd4a49766-ed89-4de9-a06b-3c45f728354f', 'd4a49766-ed89-4de9-a06b-3c45f728354f', 'd4a49766-ed89-4de9-a06b-3c45f728354f', 'd4a49766-ed89-4de9-a06b-3c45f728354f']",[],[],1
f2fe294c-d79f-4dad-b1dd-c2372a175b09,Citizen Science Data for Biodiversity Conservation Policy in Agricultural Landscapes,2018-01-01Z,2022-12-31Z,"['020109', '060403', '060409', '010506', '020202', '029901', '040107', '010604', '010703', '010799']","['b30911a7-9f2f-4f8c-bd90-7d6d5c859780', '47345f9c-5e84-48ec-8871-1f5a1b40d353', '8c662e7b-3e22-4f37-bc2f-a4c7f8593181']","['c25daa76-4616-4811-948b-ef09aafba4da', '0b80bc7a-ea97-457b-a25b-366a1779c4ce', '0b80bc7a-ea97-457b-a25b-366a1779c4ce']",[],[],1
39a00d10-d15d-4406-8662-254fc11dbe8e,Impact on surface water and aquatic biodiversity in Cajamarca Peru by the open pit mining ,2013-09-15Z,2018-09-14Z,['050203'],['8d75503c-b197-42ff-97a2-ff3ca483bc49'],['960b6e0f-81e7-49eb-9e82-c1a0423d6a51'],[],[],1
69a71960-bb51-497b-8adc-2e35ef90dc98,Towards Autonomous Inland Shipping ,2016-03-30Z,2021-03-31Z,"['020305', '059901', '02030804', '02020301']","['94e5c6b7-c8d5-4eea-a63b-1d82bb52f134', 'e739bf7a-76c2-4e6e-8b6e-4dcf863be95f', '5fe56cb6-f7dc-4d55-9425-49d95603a38a', 'f4233ed5-930e-490f-9d69-7fd78f903416']","['4f7964f1-9092-4323-bfd0-6569a93d8bc8', '4ad02e7f-d5fa-4d66-98bb-d2f63929649a', '4c3d49cc-8736-470b-8b73-df3dfe650617', '5f3f66cc-4003-4831-9855-1a9db80e799b']",[],[],1
3cfbf50b-196e-4405-9622-7af4f6641046,Innovation driven Collaborative European Inland Waterways Transport Network,2020-05-01Z,2023-04-30Z,"['05020113', '02010701', '02010705', '02040699']",['e739bf7a-76c2-4e6e-8b6e-4dcf863be95f'],['4ad02e7f-d5fa-4d66-98bb-d2f63929649a'],[],[],1
d9bf59d5-e26b-43e1-9804-7e3c63c936d9,What is the optimal alternative training protocol for boosting neuroplasticity of the nervous system The influence of tDCS and an optimized supplemental intervention on functional recovery of chronic stroke patients,2010-10-01Z,2014-09-30Z,"['030126', '030402', '030405', '030626']","['24e9ba01-07dc-4123-af67-19e82f5fc108', '2e487fb3-b84e-4a9a-8629-0f3a688033eb', 'fdf2594c-3567-4950-b9a1-817a2d9a349e', '993fc764-f835-47c7-8ee8-1b0ca14ca8c1', 'de8e4472-e658-4df6-9492-6538d8ea8ad9']","['3597372b-603f-4e36-95a9-f6dc37270c36', 'edf3485d-4ec8-4a61-950f-4a9ae7fdfcbe', '9227b5cc-67a1-436d-a945-1bf1ff747006', 'd4a49766-ed89-4de9-a06b-3c45f728354f', 'd4a49766-ed89-4de9-a06b-3c45f728354f']",[],[],1
d329db43-a252-44f0-86b5-f6d09af10df8,Visiting postdoctoral fellow GP03010N BRUIJN Sjoerd ,2010-07-01Z,2011-08-31Z,[],['86690a80-d34d-4672-b776-265a498d042b'],['d4a49766-ed89-4de9-a06b-3c45f728354f'],[],[],1
baf1c9db-185c-47e9-83c5-2590645b32f9,Sustainable management of lakes in Northern Ecuador under growing economic activities and a changing climate ,2013-11-01Z,2015-10-31Z,['050203'],"['59adcc84-6c68-4e5f-90c2-a8a3d241ff18', '8d75503c-b197-42ff-97a2-ff3ca483bc49', 'b2eda2d8-ee09-4b8c-9e40-c7c506cda3f7']","['a69d363e-5914-4bb3-8e1c-56716d5ed853', '960b6e0f-81e7-49eb-9e82-c1a0423d6a51', 'a69d363e-5914-4bb3-8e1c-56716d5ed853']",[],[],1
d74ec7a9-3bf2-4de8-889c-b91c71b715df,Cognitive control over action in traumatic brain injury ,2009-10-01Z,2014-09-30Z,"['030123', '030623', '050103', '050105', '050106', '030126', '030626']","['45160628-80a7-4123-8903-372c041f79d6', '648fe7df-0f31-45a6-bf01-ae5e1ee51f93', '86690a80-d34d-4672-b776-265a498d042b']","['d4a49766-ed89-4de9-a06b-3c45f728354f', 'd4a49766-ed89-4de9-a06b-3c45f728354f', 'd4a49766-ed89-4de9-a06b-3c45f728354f']",[],[],1
fc9823ec-e9e2-4a75-8fce-995bfd60f143,Validation Flemish garden map,2020-11-02Z,2021-04-30Z,"['01050607', '02990103']","['f24b0b3e-aaac-4145-a412-09b694c875d2', '8c662e7b-3e22-4f37-bc2f-a4c7f8593181']","['51d70731-540f-4100-b72f-ce3f78b2c009', 'f74d3c9c-2f54-4b95-9b41-61afcfe2a878']",[],[],1
20a4ccb8-6d62-458e-873f-148adc34a480,Compensatory mechanisms for motor control deficits in Parkinson 39 s disease understanding the relationship between cueing cognition and underlying brain activity ,2008-01-01Z,2011-12-31Z,"['050301', '030126', '030402', '030405', '030626', '030123', '030623', '050103', '050105', '050106']","['1f740f6b-2f2b-439b-b4c5-e03d453e6517', '86690a80-d34d-4672-b776-265a498d042b', 'e7ff5a85-16b8-4e60-a3ac-4d6f4ec6c4c9', 'dc3e9628-e37c-47e2-a489-faf6943d89f5']","['2f78244c-3906-4b59-b570-45903c4a3ba1', 'd4a49766-ed89-4de9-a06b-3c45f728354f', '9227b5cc-67a1-436d-a945-1bf1ff747006', '9227b5cc-67a1-436d-a945-1bf1ff747006']",[],[],1
ecb3ebf3-bc11-483b-8273-cbdaaddb87f1,Development of a novel diagnostic medical device to assess gastric motility ,2016-10-01Z,2018-09-30Z,"['030110', '030610']","['087a59c9-adc6-4762-8b2b-c86a4ce43875', 'e739bf7a-76c2-4e6e-8b6e-4dcf863be95f', '7e030a55-9c17-4966-8d80-f3e152366f6e', '97ce7110-e523-4733-85b7-46c00ad879a6']","['fe50c4d2-1aac-43b8-9e78-dd1a4ae2ec4f', '4c3d49cc-8736-470b-8b73-df3dfe650617', '768b5724-dae3-4a6d-96fb-8dab4e108494', 'f5af8a62-9241-49f1-bd56-a0aea67c9fce']",[],[],1
27c05d22-693b-4830-85b4-8b50b5b8e0f6,Next generation X ray metrology for meeting industry standards,2017-09-15Z,2021-09-14Z,"['020401', '020402', '020403', '020404', '020405', '020407', '020499']","['e739bf7a-76c2-4e6e-8b6e-4dcf863be95f', '731961da-6588-445c-8829-8fdd7aa3646c']","['4c3d49cc-8736-470b-8b73-df3dfe650617', '4c3d49cc-8736-470b-8b73-df3dfe650617']",[],['5f8164f5-45cc-47da-9b46-4a1bd3acb82a'],1
9e3116c0-9bfa-4149-a57c-985d722353dc,GNSS INS Stereo Camera and LIDAR Sensor Fusion and Perception for Autonomous Inland Waterway Navigation,2018-03-01Z,2019-09-19Z,"['020305', '020399', '059901', '020203', '020303', '020308', '020802']","['81455a10-83cc-4a57-a33e-5e452892a407', 'e739bf7a-76c2-4e6e-8b6e-4dcf863be95f', '154d0b9a-b89d-48d4-a62b-a168c3ac6e32']","['22358ad3-f0c0-4e35-88ca-7350f696036a', '4c3d49cc-8736-470b-8b73-df3dfe650617', '4c3d49cc-8736-470b-8b73-df3dfe650617', '22358ad3-f0c0-4e35-88ca-7350f696036a', '4c3d49cc-8736-470b-8b73-df3dfe650617']",[],[],1
6f9b6887-a5a6-443e-b932-13fac9d52d39,SAF ADAPT,2020-01-02Z,2024-06-29Z,"['05040406', '01070302', '01070306', '01070310', '02011204']","['8c662e7b-3e22-4f37-bc2f-a4c7f8593181', '8294d54d-0055-4d7f-9638-afe15b4ad46b', '5e160867-463e-485a-bacf-b684b1b2c87a']","['f74d3c9c-2f54-4b95-9b41-61afcfe2a878', 'f74d3c9c-2f54-4b95-9b41-61afcfe2a878', 'f74d3c9c-2f54-4b95-9b41-61afcfe2a878']",[],[],1
dc8dd0e8-bcad-4ee7-85d3-c7f703c0814b,Remote Sensing for Urban and Rural Development amp Resilience ReSiDeR ,2019-01-01Z,2022-12-31Z,"['02070116', '02011103']",['8c662e7b-3e22-4f37-bc2f-a4c7f8593181'],['0b80bc7a-ea97-457b-a25b-366a1779c4ce'],[],[],1
e59eb8a7-823c-4045-9b6e-386f50ece636,Research on a low cost accurate indoor positioning solution,2016-10-04Z,2023-12-31Z,"['020203', '020303', '020308', '020802']","['cf8b75ca-a0d1-4bde-bba5-0ddf3b16a969', 'e739bf7a-76c2-4e6e-8b6e-4dcf863be95f', '7e8a1b1d-a609-40bd-a5e1-b385010fcdcf', '588e039b-c485-4ec5-b851-2845f768eecb']","['6013fa84-72cc-4891-97c5-301b362b56f5', '4c3d49cc-8736-470b-8b73-df3dfe650617', '4c3d49cc-8736-470b-8b73-df3dfe650617', '4c3d49cc-8736-470b-8b73-df3dfe650617', '4561af97-d4f3-44b6-86c6-1948612007a0']",[],[],1
84ea21df-c7a6-4b97-8eb6-18fb1c28a6b7,Health effects of exposure to green space airborne pollen and air pollution A mobile health study on adults with tree pollen allergy,2016-09-16Z,2020-12-11Z,"['040107', '010604', '010703', '010799', '020109', '060403', '060409', '010506', '020202', '029901']","['bebfb9df-b3f3-4d8a-a61f-0a9fb3ba03b7', '710ab832-e9f4-40f8-99a3-9b0b300a1327', '8c662e7b-3e22-4f37-bc2f-a4c7f8593181', '659c9d61-4580-476e-bc50-c449545d457a']","['f74d3c9c-2f54-4b95-9b41-61afcfe2a878', '6ae2cd05-34c4-415c-abc3-aded0d9d8c81', 'f74d3c9c-2f54-4b95-9b41-61afcfe2a878', 'f74d3c9c-2f54-4b95-9b41-61afcfe2a878']",['d70d271b-3237-4a95-bb26-c144db0b6cd8'],[],1
57b44e28-c632-43e5-990e-036b050fe7e9,Aging and neuroplasticity changes in brain structure function and connectivity in relation to motor coordination ,2013-09-01Z,2016-12-31Z,"['020206', '020601', '020804', '030126', '030402', '030405', '030626', '030123', '030623', '050103', '050105', '050106']",['86690a80-d34d-4672-b776-265a498d042b'],['d4a49766-ed89-4de9-a06b-3c45f728354f'],[],[],1
9e774eb4-22a4-4342-9cd6-9817005544a5,Assessing the health and ecosystem services of urban green using remote sensing,2018-09-25Z,2022-09-25Z,"['020109', '060403', '060409', '010506', '020202', '029901', '040107', '010604', '010703', '010799']","['8c662e7b-3e22-4f37-bc2f-a4c7f8593181', 'efecabc9-4ba1-4738-8b8f-40ca6794b203']","['0b80bc7a-ea97-457b-a25b-366a1779c4ce', '0b80bc7a-ea97-457b-a25b-366a1779c4ce']",[],[],1
2948b0dd-e8ea-43bc-8575-84320b1321ec,Multi temporal multi source and multi scale remote sensing for the monitoring of Conference pear tree phenology,2017-10-19Z,2019-09-24Z,"['020109', '060403', '060409', '010506', '020202', '029901', '040107', '010604', '010703', '010799']","['8c662e7b-3e22-4f37-bc2f-a4c7f8593181', 'b81f84ee-f246-49c5-b125-468b44e9d81a', '9bf8e651-b176-4c1a-8156-3fff6e9fa3eb']","['0b80bc7a-ea97-457b-a25b-366a1779c4ce', '0b80bc7a-ea97-457b-a25b-366a1779c4ce']",[],[],1
799f16f8-7374-4974-9eaa-a501318ed28a,Assessing spatio temporal relationships between respiratory health and biodiversity using individual wearable technology,2015-12-15Z,2021-03-15Z,['040107'],"['710ab832-e9f4-40f8-99a3-9b0b300a1327', 'bebfb9df-b3f3-4d8a-a61f-0a9fb3ba03b7', '8c662e7b-3e22-4f37-bc2f-a4c7f8593181']","['c3d33cc7-1a17-4c82-8c39-2ca7a0e8e59c', '0b80bc7a-ea97-457b-a25b-366a1779c4ce', '0b80bc7a-ea97-457b-a25b-366a1779c4ce']",[],[],1
ef0ba66a-56ff-47b8-967f-76db4f20dc59,Measuring and Modelling Hydrological Surface Connectivity,2008-10-01Z,2012-11-09Z,"['010704', '040103', '010506']","['2ddffac6-4bcc-4c7a-8c3f-97df6dcfa85c', '2ba9f7c1-39dd-4449-9e41-df462dcaf4e2', '8d75503c-b197-42ff-97a2-ff3ca483bc49']","['44f52db8-05c1-4410-b514-a88b0e3861a8', '960b6e0f-81e7-49eb-9e82-c1a0423d6a51', '960b6e0f-81e7-49eb-9e82-c1a0423d6a51']",[],[],1
06f906fb-3743-41c2-b20c-0b5efa7cf0d2,Acquisition and consolidation of writing skills in Parkinson s disease effects and working action of transcranial direct current stimulation tDCS ,2015-09-10Z,2021-09-30Z,"['030126', '030402', '030405', '030626']","['2989508d-a7d5-4116-9905-84e77fc6ec84', '24e9ba01-07dc-4123-af67-19e82f5fc108', '37b49c60-64cb-4e3d-9e49-5d2cf6ec7633', 'dc3e9628-e37c-47e2-a489-faf6943d89f5', '0682e859-c563-4ef8-b001-440356d3d1c3']","['9227b5cc-67a1-436d-a945-1bf1ff747006', '3597372b-603f-4e36-95a9-f6dc37270c36', '9227b5cc-67a1-436d-a945-1bf1ff747006', '9227b5cc-67a1-436d-a945-1bf1ff747006']",[],[],1
153c3798-c301-4f50-b39c-606aecd5f8d9,Delineation of effector specific representations in motor cortex and their structural functional connectivity ,2015-10-01Z,2021-09-30Z,"['030123', '030623', '050103', '050105', '050106']","['ac68be55-0df7-45f1-b1c6-c0a077e5b09f', '86690a80-d34d-4672-b776-265a498d042b']","['d4a49766-ed89-4de9-a06b-3c45f728354f', 'd4a49766-ed89-4de9-a06b-3c45f728354f']",[],[],1
c85ef22c-6cf1-4eb5-8f8b-2a2e7f81fcc1,Assessing and predicting the impacts of extreme weather on vigour and productivity of apple and pear orchards in Flanders,2020-10-01Z,2024-10-02Z,"['01050607', '01070306', '01070310', '04010304', '01050601', '04010305', '02990103']","['8c662e7b-3e22-4f37-bc2f-a4c7f8593181', 'e6dea7b8-504a-4a41-8b0b-5ccd26aef322', 'b581e5c8-d8e4-427d-8365-9c8cb68b8f29', 'bebfb9df-b3f3-4d8a-a61f-0a9fb3ba03b7']","['f74d3c9c-2f54-4b95-9b41-61afcfe2a878', 'f74d3c9c-2f54-4b95-9b41-61afcfe2a878', 'f74d3c9c-2f54-4b95-9b41-61afcfe2a878', 'f74d3c9c-2f54-4b95-9b41-61afcfe2a878']",[],[],1
4ccfc1ae-51a2-4522-9ca1-8e00cbade813,Understanding Turning Points in Dryland Ecosystem Functioning U TURN 2 0 ,2018-07-01Z,2021-04-30Z,['01070302'],['8c662e7b-3e22-4f37-bc2f-a4c7f8593181'],['0b80bc7a-ea97-457b-a25b-366a1779c4ce'],[],[],1
fc179bd7-de38-41c8-afcb-1e18360a1503,SoilTemp to a global database of soil temperature,2019-01-01Z,2023-12-31Z,['01060411'],"['8c662e7b-3e22-4f37-bc2f-a4c7f8593181', 'cfe09c7e-3600-4b8b-ae01-39d3f1d16ddf']","['0b80bc7a-ea97-457b-a25b-366a1779c4ce', '91711c6f-4410-4aa8-acd3-ac3d3a48ed12']",[],[],1
19d1a7b0-325d-40e1-8c2f-18df3b5326d2,Developing a generic framework for library based multi site mapping of urban areas ,2019-09-01Z,2021-11-30Z,"['01070402', '04010304']",['8c662e7b-3e22-4f37-bc2f-a4c7f8593181'],['0b80bc7a-ea97-457b-a25b-366a1779c4ce'],[],[],1
d36c698b-e43c-43e8-912d-675205d9e097,Neuroplasticity in Parkinson 39 s Disease consolidation of motor learning and its related brain activity changes ,2011-01-01Z,2014-12-31Z,"['030123', '030623', '050103', '050105', '050106', '030126', '030402', '030405', '030626']","['1f740f6b-2f2b-439b-b4c5-e03d453e6517', '86690a80-d34d-4672-b776-265a498d042b', '70f3dbc4-adf0-4651-86fb-79c890f9fce5', 'dc3e9628-e37c-47e2-a489-faf6943d89f5']","['2f78244c-3906-4b59-b570-45903c4a3ba1', 'd4a49766-ed89-4de9-a06b-3c45f728354f', 'd4a49766-ed89-4de9-a06b-3c45f728354f', '9227b5cc-67a1-436d-a945-1bf1ff747006']",[],[],1
b55b0674-e036-4aaf-a330-3694185ff369,Optimal Sensor Fusion for Autonomous Inland Shipping,2017-11-28Z,2019-03-31Z,"['020502', '020504', '020507', '020599', '029999']","['e739bf7a-76c2-4e6e-8b6e-4dcf863be95f', '588e039b-c485-4ec5-b851-2845f768eecb', '5bb019fa-147b-4beb-b727-2f16cabf56ca']","['4c3d49cc-8736-470b-8b73-df3dfe650617', '4561af97-d4f3-44b6-86c6-1948612007a0', '4561af97-d4f3-44b6-86c6-1948612007a0']",[],[],1
b0b6b462-d4d1-4ec2-9a1d-d9e8fee4fa4a,Addressing Neural Declines to Promote Healthy Ageing,2017-09-01Z,2019-08-31Z,"['030123', '030623', '050103', '050105', '050106']","['b9f088e0-e610-4e4e-8772-7b0f294936af', '86690a80-d34d-4672-b776-265a498d042b']","['d4a49766-ed89-4de9-a06b-3c45f728354f', 'd4a49766-ed89-4de9-a06b-3c45f728354f']",[],[],1
a22feea4-260f-4db7-92c4-af206f7103bb,The effect of urban green and blue on mitigating urban heat islands and improving thermal comfort a case study in Leuven Belgium,2020-11-01Z,2024-12-01Z,['01070302'],"['dea367d1-3de0-4e2a-b60c-83baa4f3e429', '8c662e7b-3e22-4f37-bc2f-a4c7f8593181']","['f74d3c9c-2f54-4b95-9b41-61afcfe2a878', 'f74d3c9c-2f54-4b95-9b41-61afcfe2a878']",[],[],1
b42a6ea3-9b71-4162-97dd-0503ea984a2c,Can non invasive brain stimulation enhance neuroplasticity mediated by brain derived neurotrophic factor BDNF in the healthy and injured brain a new therapeutic tool for improving recovery after stroke ,2010-01-01Z,2013-12-31Z,"['030126', '030402', '030405', '030626']","['86690a80-d34d-4672-b776-265a498d042b', 'f7064d30-7f08-4aaf-bd88-8675f490852c', '2e487fb3-b84e-4a9a-8629-0f3a688033eb', 'de8e4472-e658-4df6-9492-6538d8ea8ad9']","['d4a49766-ed89-4de9-a06b-3c45f728354f', 'db0e38e4-213d-462a-ae43-d1c7a1a97896', 'edf3485d-4ec8-4a61-950f-4a9ae7fdfcbe', 'd4a49766-ed89-4de9-a06b-3c45f728354f']",[],[],1
bf39b79f-6038-4571-9d7a-521bb47681bd,Perception for Autonomous Inland Waterways Navigation,2020-07-27Z,2024-07-27Z,"['02030802', '02030810']","['e739bf7a-76c2-4e6e-8b6e-4dcf863be95f', 'e290a6fc-7908-4f8e-8971-1866a217cb83']","['4ad02e7f-d5fa-4d66-98bb-d2f63929649a', '4ad02e7f-d5fa-4d66-98bb-d2f63929649a']",[],[],1
1044690e-f1c7-45a9-b3e8-bb44f4043c11,Integrated Platform for Closed Loop Motor Training and Adaptive Neuromodulation,2018-05-01Z,2022-04-30Z,"['030123', '030623', '050103', '050105', '050106', '050301']","['2466a3ae-9c82-436f-9d74-44063afd091a', 'b4118239-dcbe-484a-aa3c-6dd314c9f8d4', 'd98397a8-4d25-4093-a33c-667ad9206865', 'dc3e9628-e37c-47e2-a489-faf6943d89f5', '86690a80-d34d-4672-b776-265a498d042b', 'fdf2594c-3567-4950-b9a1-817a2d9a349e', 'dc9d87f9-70b9-4c5d-a224-e21520056c0c', '2989508d-a7d5-4116-9905-84e77fc6ec84', 'fa83c1d8-f7ce-4ede-b1fb-65f7a467e618', '03073073-835a-4221-a439-9b002ad40a98', '09e1d20c-5149-4a04-b227-e29af152ba1b', '948f93c4-a6f1-4d4e-bce1-52e1029d2c9f', '0ae4b934-f24a-4ce8-a2a4-9fe5333726c8', '28911de0-146c-4d87-a3e1-798618a21817', '3bbc0be1-c0ee-4dcd-b233-a0e3d0d783ef', 'fa7286d6-92bc-4a85-9e5b-5de2b0ed3637']","['2b74417a-184c-44e3-8a5d-6eec295a34e5', 'd4a49766-ed89-4de9-a06b-3c45f728354f', 'f064c0ce-1669-4df2-bed2-64d1af92ec9c', '9227b5cc-67a1-436d-a945-1bf1ff747006', 'd4a49766-ed89-4de9-a06b-3c45f728354f', '9227b5cc-67a1-436d-a945-1bf1ff747006', 'edf3485d-4ec8-4a61-950f-4a9ae7fdfcbe', '9227b5cc-67a1-436d-a945-1bf1ff747006', 'fe50c4d2-1aac-43b8-9e78-dd1a4ae2ec4f', '2b74417a-184c-44e3-8a5d-6eec295a34e5', '9227b5cc-67a1-436d-a945-1bf1ff747006', 'f86ab9e1-574c-4521-a6c1-e10d77a2e495', 'd4a49766-ed89-4de9-a06b-3c45f728354f', 'd4a49766-ed89-4de9-a06b-3c45f728354f', 'd4a49766-ed89-4de9-a06b-3c45f728354f', 'd4a49766-ed89-4de9-a06b-3c45f728354f']",[],[],1
430fc5f8-a872-4627-a12b-a7603c79f876,The Garden Monitor mapping and charateriizing gardens using remote sensing ,2017-12-01Z,2020-05-30Z,['029901'],"['f24b0b3e-aaac-4145-a412-09b694c875d2', '8c662e7b-3e22-4f37-bc2f-a4c7f8593181']","['44f52db8-05c1-4410-b514-a88b0e3861a8', '0b80bc7a-ea97-457b-a25b-366a1779c4ce']",[],[],1
fd29cf51-b8c7-4a76-9881-b527cbfb8b85,Composable and Embeddable Software Design for Robotic and Cyber Physical Systems,2010-02-01Z,2017-03-14Z,"['020203', '020303', '020308', '020802']","['677f6ba1-56c4-4ea3-98cc-d9ce2643ad30', 'e739bf7a-76c2-4e6e-8b6e-4dcf863be95f', '81455a10-83cc-4a57-a33e-5e452892a407', '4f3972a3-97b0-4f75-b6c5-209c6cf6b407']","['0cf54129-0ed7-4521-bf5b-f6f11426159f', '4c3d49cc-8736-470b-8b73-df3dfe650617', '0cf54129-0ed7-4521-bf5b-f6f11426159f', '22358ad3-f0c0-4e35-88ca-7350f696036a']",['3342b2eb-3e76-4f53-85be-f7040e57bffa'],[],1
73de0fd3-6698-4f71-bd38-5db5ea6db36f,How do invasive plant species impact ecosystem functioning A functional trait and spectranomics based approach using the case of two reciprocal invaders,2016-10-01Z,2020-10-31Z,['010610'],"['8c662e7b-3e22-4f37-bc2f-a4c7f8593181', '0a224979-c7f5-4c89-ac01-87bbd961dc7f', 'cfe09c7e-3600-4b8b-ae01-39d3f1d16ddf']","['0b80bc7a-ea97-457b-a25b-366a1779c4ce', '91711c6f-4410-4aa8-acd3-ac3d3a48ed12', '91711c6f-4410-4aa8-acd3-ac3d3a48ed12']",[],[],1
ccd147ec-af22-442c-ac2d-d316465019df,Autonomous Inland Shipping,2019-09-01Z,2021-08-31Z,['02030699'],"['e06d6076-df86-47f9-b7c5-5aec06e9c77e', '8e3714c5-ac22-459c-b065-c984ea5878a9', 'e739bf7a-76c2-4e6e-8b6e-4dcf863be95f']","['d50eb33d-0171-4ae9-8900-4b2e0d981cc3', '5d075b6e-3ad8-4b62-b463-b200b3d45c34', '4c3d49cc-8736-470b-8b73-df3dfe650617']",[],[],1
86fb23a0-7f11-42b7-aa26-c842a5b72d2b,UrbanEARS Urban ecosystem analysis supported by remote sensing ,2014-08-01Z,2019-01-31Z,"['040107', '010604', '010703', '010799']","['4591515c-c628-4df8-83b0-12de1dd68509', 'a6f37a05-c763-4182-9f41-d04072d79ef2', '8c662e7b-3e22-4f37-bc2f-a4c7f8593181']","['0b80bc7a-ea97-457b-a25b-366a1779c4ce', '44f52db8-05c1-4410-b514-a88b0e3861a8', '0b80bc7a-ea97-457b-a25b-366a1779c4ce']",[],[],1
76d8ae3f-1304-49bd-930b-ab429e3442f1,Nonlinear spectral satellite image un mixing for sustainable ecosystem management ,2010-01-01Z,2010-12-31Z,"['010207', '010603', '020803', '030102', '030301', '030303', '030602']","['8c662e7b-3e22-4f37-bc2f-a4c7f8593181', '0be52f02-165a-450b-b667-18db67d62fdc']","['0b80bc7a-ea97-457b-a25b-366a1779c4ce', '125863a2-9da9-4703-a140-02d7179ab67e']",[],[],1
d84a1950-e083-40ca-8e8a-15e1ecb7c1ed,EGNSS Hull to Hull ,2017-11-01Z,2020-10-31Z,"['029999', '020502', '020504', '020507', '020599']",['e739bf7a-76c2-4e6e-8b6e-4dcf863be95f'],['4c3d49cc-8736-470b-8b73-df3dfe650617'],[],[],1
18b2f103-850f-41f6-b00e-692195653ac6,Understanding Turning Points in Dryland Ecosystem Functioning,2016-12-01Z,2018-10-31Z,['010610'],['8c662e7b-3e22-4f37-bc2f-a4c7f8593181'],['0b80bc7a-ea97-457b-a25b-366a1779c4ce'],[],[],1
edb58af0-e470-4315-8ed6-d6f3211c8b74,Automated mapping of impervious surfaces and urban green spaces based on remote sensing technology,2017-11-14Z,2021-11-14Z,"['020109', '060403', '060409', '010506', '020202', '029901', '040107', '010604', '010703', '010799']","['8c662e7b-3e22-4f37-bc2f-a4c7f8593181', '5211f03d-d75f-4035-be3d-d4cf4f6fff86']","['0b80bc7a-ea97-457b-a25b-366a1779c4ce', '0b80bc7a-ea97-457b-a25b-366a1779c4ce']",[],[],1
46b31038-cdf0-430f-9f1b-2ef1e707f842,Locomotor deficits after traumatic brain injury a longitudinal study examining the influence of brain injury on spatial temporal gaze behavior and gait deficits during rehabilitation ,2011-01-01Z,2014-12-31Z,"['030126', '030626', '030134', '030403', '030634', '030123', '030623', '050103', '050105', '050106']","['c87d75b1-8366-46f5-820c-5a54a3bcbc2c', 'd25ac80c-d133-42b4-a1e2-51e28a90578b', 'f7064d30-7f08-4aaf-bd88-8675f490852c', '86690a80-d34d-4672-b776-265a498d042b']","['d4a49766-ed89-4de9-a06b-3c45f728354f', 'c81405fc-ff71-4a6e-b3c5-b6f6edb222bb', 'db0e38e4-213d-462a-ae43-d1c7a1a97896', 'd4a49766-ed89-4de9-a06b-3c45f728354f']",[],[],1
d9ef5371-6f6b-495b-8a6e-c8268fd8ae4a,Flood hazard mitigation value of upstream landscape elements,2019-01-01Z,2023-02-13Z,"['01050604', '01050607', '01050608', '04010302', '01070302', '02010901']","['8c662e7b-3e22-4f37-bc2f-a4c7f8593181', '89148a87-46ef-41fa-a6d9-b53a8a6680c3', 'bebfb9df-b3f3-4d8a-a61f-0a9fb3ba03b7']","['f74d3c9c-2f54-4b95-9b41-61afcfe2a878', 'f74d3c9c-2f54-4b95-9b41-61afcfe2a878', 'f74d3c9c-2f54-4b95-9b41-61afcfe2a878']",[],[],1
fe443214-0574-435f-91ca-808c12edea70,Training postural and gait balance control in children with CerebralPalsy associations between brain structural metrics and motorbehavior,2015-01-01Z,2017-12-31Z,"['030402', '030626', '030126', '030405', '030226']",['10e0621f-02af-4dcd-ab87-95616da824f6'],['bc6d1d11-1293-44c1-ad81-e584b32a326c'],[],['be5b3caa-50e3-40a0-8f68-1ab2eda190a9'],1
5f8164f5-45cc-47da-9b46-4a1bd3acb82a,Next generation X ray metrology for meeting industry standards MetroFlex ,2017-09-15Z,2021-09-14Z,"['020206', '020601', '020804']","['d6026c12-bb81-458f-b9d4-f33de8f45fb4', 'd966d6f4-1334-4ab8-a27f-babfe187d6e3']","['0c569a7f-f8f0-473b-b693-f9cb775694cc', '0c569a7f-f8f0-473b-b693-f9cb775694cc']",[],['27c05d22-693b-4830-85b4-8b50b5b8e0f6'],1
