ID,Name,WoS disciplines,Disciplines,Persons,when_added
d0f3e52a-d314-47be-ae0f-fb8d05085671,The Cramer-Rao Bound for channel estimation in block fading amplify-and-forward relaying networks,[],[],"['35b06a48-c9ee-455d-bf85-0eb235415cf2', '1246b4a0-2a5f-48ac-9be7-6d7ee356fa6c', 'd4996dae-ea02-438d-8720-fe5c44718fce']",1
2dff7096-c41c-4bc7-9ab5-c938330f9dfa,MIMO equalization for multi-Gbit/s access nodes affected by manufacturing tolerances,['000428054305085'],[],"['96a7c47f-4bc5-4d7f-8a91-84ee79bb3462', 'd7c9e0d3-26de-42bd-b7d7-7a22e6476c16', '01c8c0ea-af42-4b4f-b7b8-4e99572980a4', 'fa217cc2-f93d-4cf5-9162-3e4269fe9b02', '35b06a48-c9ee-455d-bf85-0eb235415cf2', 'e64e450d-5ff8-4b80-b4c7-f2bfcc08b8a1']",1
1da41f46-7def-4f71-b62f-778f5f792846,"Dom Hans van der Laan, Tomelilla.",[],[],['43c66a4f-8c7b-409c-b90c-b53ff517b21b'],1
f5699cc1-16da-4595-8fce-59b07eefcaf4,Introduction,['000275284500001'],[],"['01e1efb5-4056-47af-b1de-56a6cb4d6d11', 'cb959caa-75ce-4593-bbcf-fc89bdae39eb', '1565c68d-c76f-4afb-96d7-a7cbdd7c9802']",1
49509ec2-ff4c-4ecf-b56b-75a792fa9f9c,Pilot-based ML estimation in amplify-and-forward cooperative networks,['000324580701026'],[],"['35b06a48-c9ee-455d-bf85-0eb235415cf2', '1246b4a0-2a5f-48ac-9be7-6d7ee356fa6c']",1
075f2004-a326-4da5-a3d6-de17dff1efb6,Low-density parity-check coding for slow fading relay channels,[],[],"['fb063d39-693d-4336-96b8-0d3beaa62dfc', '35b06a48-c9ee-455d-bf85-0eb235415cf2', 'ef9a3b91-6390-42b2-a5d8-cdbca692f549']",1
42705253-e809-45c0-a7bd-6d5a88d038be,Distributed dynamic resource allocation for cooperative cognitive radio,['000324580700127'],[],"['35b06a48-c9ee-455d-bf85-0eb235415cf2', '863eb369-d3dd-470e-a26b-9aff290bbb89', '673c9555-7c48-41ea-a936-e7011fcafeab', 'be85c82b-cb8b-4484-9363-c62d5882cc9e', 'fc30910d-548e-42cd-9b20-1f0e4fde5b7f']",1
3957b24c-7788-4df5-a4f1-0800fb2b9035,Off-body communication in a multipath environment over time-variant channels using multiple textile antennas for the 2.45 GHz band,[],[],"['ceadf55b-7ba7-4b04-ac82-37f3afff1d5f', 'ca6546ea-344f-4812-b230-e946a19498f3', '35b06a48-c9ee-455d-bf85-0eb235415cf2', 'e5174464-1364-4fcb-bd19-63ec7e3b091f', '2c4933a1-9603-41c3-94df-a7bc63638f7e', 'a583675b-ba40-473f-a624-ce782f7d10ff', '78a84866-5251-44eb-a2c3-ba441a9c626b']",1
94455bc3-44ca-4e26-a0cb-d2632f10326d,On the use of extrinsic probabilities in the computation of non-Bayesian CramérU&#43;2013Rao bounds for coded linearly modulated signals,['000427194000009'],['0202'],"['5e949071-d07b-4ca6-86fa-e42095315747', '35b06a48-c9ee-455d-bf85-0eb235415cf2']",1
922f8888-fcea-49af-a627-63c54e591ed8,The wide white space: an interview with Anny De Decker,[],[],['01e1efb5-4056-47af-b1de-56a6cb4d6d11'],1
80655df3-25c9-4dba-8b10-41989b8eefd7,Optimal channel and time-of-arrival estimation for IR-UWB in the presence of pulse overlap,['000290335602160'],[],"['e1aee6c9-11b7-47e6-a204-6709f32b67f1', '35b06a48-c9ee-455d-bf85-0eb235415cf2', '0e54ce71-681f-4217-a3a5-90c3353fc7db']",1
58973b9d-10fe-4e5b-a77a-4bb907561560,Application of channel models to indoor off-body wireless MIMO communication with textile antennas,[],[],"['ceadf55b-7ba7-4b04-ac82-37f3afff1d5f', 'ca6546ea-344f-4812-b230-e946a19498f3', '35b06a48-c9ee-455d-bf85-0eb235415cf2', 'e5174464-1364-4fcb-bd19-63ec7e3b091f', '2c4933a1-9603-41c3-94df-a7bc63638f7e', 'a583675b-ba40-473f-a624-ce782f7d10ff']",1
6e16c7cb-6c7d-43f8-839e-cbeede5cee65,Optimized precoded spatio-temporal partial-response signaling over frequency-selective MIMO channels,['000568683900021'],[],"['d7c9e0d3-26de-42bd-b7d7-7a22e6476c16', '96a7c47f-4bc5-4d7f-8a91-84ee79bb3462', '01c8c0ea-af42-4b4f-b7b8-4e99572980a4', '35b06a48-c9ee-455d-bf85-0eb235415cf2']",1
4e6aeaa8-5fbc-4ad2-a546-556230b0e763,Link resource adaptation for BIC-OFDM systems with outdated channel state information,[],[],"['673c9555-7c48-41ea-a936-e7011fcafeab', '35b06a48-c9ee-455d-bf85-0eb235415cf2', 'b096f87f-7a06-4a83-9b1d-922fff5e7147', '485ec96f-ea96-44e4-9987-0c9a77be86a4', 'f05d08a4-0851-4c1b-b85e-1a8f88e2137e', '5b24b746-ad5e-4b81-930c-8f1a0b18c91e']",1
99605881-82d2-4258-a314-6bf783d07af5,Exact BER analysis for square orthogonal space-time block codes on arbitrary fading channels with imperfect channel estimation,['000273169200164'],[],"['96a7c47f-4bc5-4d7f-8a91-84ee79bb3462', '35b06a48-c9ee-455d-bf85-0eb235415cf2']",1
bec209d8-8f53-4915-99d6-3c9b1321730e,Construction of Circular Quadrature Amplitude Modulations (CQAM),['000462636300031'],[],"['e41550a4-234f-42b1-afab-14b30ba00526', '35b06a48-c9ee-455d-bf85-0eb235415cf2', 'dd807e13-1017-4dd7-8e56-532a34fb8e7c']",1
42f098ac-da54-4b5b-874f-fc04afd645ff,Modified SNR gap approximation for resource allocation in LDPC-coded multicarrier systems,['000541750300001'],[],"['156ef7e5-4454-41b9-889f-d50a7e97ca4a', '35b06a48-c9ee-455d-bf85-0eb235415cf2', '2dc1aa8b-71fd-42df-a22b-25c8dfb7dbcc', '3d3c2b8a-8d89-4a88-acf8-e7f73fecfda3']",1
49fd2583-bba8-48e3-a94a-e58b51d7caeb,Licht als artistiek medium,[],[],"['c23652ca-c61b-45b1-b6b4-60093add3cf3', 'dd10d247-d87d-4d59-8452-792f0a7a8240', '01e1efb5-4056-47af-b1de-56a6cb4d6d11']",1
35cc0126-0f6b-4a9a-8e4d-ca370ae68e96,Indoor off-body wireless MIMO communication with dual polarized textile antennas,['000286931700031'],"['0501', '0202']","['ceadf55b-7ba7-4b04-ac82-37f3afff1d5f', 'ca6546ea-344f-4812-b230-e946a19498f3', '35b06a48-c9ee-455d-bf85-0eb235415cf2', 'e5174464-1364-4fcb-bd19-63ec7e3b091f', '2c4933a1-9603-41c3-94df-a7bc63638f7e', 'a583675b-ba40-473f-a624-ce782f7d10ff']",1
e5c86a1e-3cd1-42dd-96c7-7cac8d76bac1,Accurate BER approximation for OSTBCs with estimated CSI in correlated rayleigh fading,['000326048102125'],[],"['96a7c47f-4bc5-4d7f-8a91-84ee79bb3462', '35b06a48-c9ee-455d-bf85-0eb235415cf2']",1
cf4abeef-17ec-4f7f-af4d-35ac042d1cd6,"WALKING FOR A MOMENT ALONG A STONE, A GENERAL AND A PROJECTION",[],[],['613e4545-39c6-4b5b-9cb1-993191f97c75'],1
819c8429-1a11-4faa-9f32-5b18218f9fd5,Nabijheid,[],[],['43c66a4f-8c7b-409c-b90c-b53ff517b21b'],1
fffd45c1-52d8-43a2-b6ab-6aed77c1db55,Architecture Drawing Life: The Concrete Spatial Patterns in Dom Hans van der Laan’s Crypt at Vaals,[],[],['43c66a4f-8c7b-409c-b90c-b53ff517b21b'],1
792150cd-8f75-48e2-abb1-2da8ce75401b,Power-efficient body-centric communications,[],[],"['ceadf55b-7ba7-4b04-ac82-37f3afff1d5f', 'ca6546ea-344f-4812-b230-e946a19498f3', '35b06a48-c9ee-455d-bf85-0eb235415cf2', '2c4933a1-9603-41c3-94df-a7bc63638f7e', 'c9b6151d-3acf-49b7-bbfe-9fbabf30edf7']",1
fed289d3-35a2-40d8-9fe0-e27dc47d9d2e,Comparison of two forward error correction approaches for packet protection in HDTV with variable bit rate transmission,['000270979200115'],[],"['e1aee6c9-11b7-47e6-a204-6709f32b67f1', '35b06a48-c9ee-455d-bf85-0eb235415cf2', '0e4ae852-3876-44c1-b8ca-05adc0d286dc', 'b6a67ae4-865c-4616-b4a7-65b035964b88', '355c2d5b-071f-4548-9952-2ffc4f961b19', '7baa199d-f1a0-49fa-887d-dcf411e91832', '7fc77d62-6d3b-492a-94b5-b0d5190a00ac', 'd7342036-b7b6-4192-8214-a8f8b9ce3bf5']",1
54187ec4-ed39-45dd-87c3-c18c2a666c4e,"Conceptual, Surrealist, Pictorial: Photo-based Art in Belgium (1960s-early 1990s)",[],[],['01e1efb5-4056-47af-b1de-56a6cb4d6d11'],1
e3f53323-4ba0-4753-906e-6ba8e7a87cbf,Research on space as a productive design tool. Re-introducing aesthetics into the design studio,[],[],['43c66a4f-8c7b-409c-b90c-b53ff517b21b'],1
89858ffe-c549-46e3-94ab-6bdc7584aa8f,The Benedictine Monk who showed us how to build. Dom Hans van der Laan,[],[],['43c66a4f-8c7b-409c-b90c-b53ff517b21b'],1
1e9cd7a4-e8f4-46e9-b463-9ae1b6b8eade,Exact BER analysis for Alamouti&#39;s code on arbitrary fading channels with imperfect channel estimation,[],[],"['96a7c47f-4bc5-4d7f-8a91-84ee79bb3462', '35b06a48-c9ee-455d-bf85-0eb235415cf2']",1
4a4fe4f4-dcd7-4e08-b524-250f403905b4,Revisit Roosenberg Abbey,['000444068000010'],['0604'],['43c66a4f-8c7b-409c-b90c-b53ff517b21b'],1
88322ecf-5944-4d8c-beaa-20f1f65eee1b,Influence of pilot symbol configuration on data-aided phase noise estimation from a DCT basis expansion,['000257491100023'],[],"['35b06a48-c9ee-455d-bf85-0eb235415cf2', '2846cb1d-3b22-46e2-bd73-5dda2c232a9a']",1
a37ef854-478b-4e46-8c84-8bf7509e8fe5,The poetics of order: Dom Hans van der Laan&#39;s architectonic space,['000325703700008'],['0604'],['43c66a4f-8c7b-409c-b90c-b53ff517b21b'],1
bb87a005-a89e-42ef-8e16-b840042f457b,On constructions of Reed-Muller subcodes,['000425103800001'],['0501'],"['e41550a4-234f-42b1-afab-14b30ba00526', '35b06a48-c9ee-455d-bf85-0eb235415cf2', 'dd807e13-1017-4dd7-8e56-532a34fb8e7c']",1
27efb923-8f40-4f58-9890-1aa4fd6a93dc,Iterative decision-directed joint frequency offset and channel estimation for KSP-OFDM,['000310195700034'],"['0501', '0202']","['1682d785-e9c3-443c-a191-1885e51231b4', '35b06a48-c9ee-455d-bf85-0eb235415cf2', '60058b71-b670-41d9-8ec8-2f0e69fa561e']",1
2ec18353-9164-4d7b-9bf3-3861f43cceb1,Monte Carlo solutions for blind phase noise estimation,['000265972900001'],"['0501', '0202']","['562b4037-0391-4f72-a64f-914302726655', 'fb063d39-693d-4336-96b8-0d3beaa62dfc', '35b06a48-c9ee-455d-bf85-0eb235415cf2', 'd3cc3ea1-b19e-4c30-96b8-547c56e585ef', '44014129-99b7-4201-9aaa-d6a570208b3c']",1
9d374a5d-3d7c-41cb-a1d6-522157aee37b,Towards full-diversity joint network-channel coding for large networks,[],[],"['fb063d39-693d-4336-96b8-0d3beaa62dfc', '35b06a48-c9ee-455d-bf85-0eb235415cf2', '070276df-e1dc-4a37-815d-65111659cdfc', '8f337d2b-5df2-4863-8d34-7d1b63207990']",1
76f60290-5edc-46b9-a9f8-b576a2a92fbd,Quantize and forward cooperative communication: channel parameter estimation,['000301509200032'],"['0501', '0202']","['1246b4a0-2a5f-48ac-9be7-6d7ee356fa6c', '8edb7455-ec4e-4894-9fcb-d84e0edb91bf', '8edb7455-ec4e-4894-9fcb-d84e0edb91bf', '8edb7455-ec4e-4894-9fcb-d84e0edb91bf', '35b06a48-c9ee-455d-bf85-0eb235415cf2', 'd4996dae-ea02-438d-8720-fe5c44718fce']",1
337850c5-405d-481d-9431-c6d9fa415c0c,Maximum-likelihood channel estimation in block fading amplify-and-forward relaying networks,['000299165600045'],[],"['35b06a48-c9ee-455d-bf85-0eb235415cf2', '1246b4a0-2a5f-48ac-9be7-6d7ee356fa6c', 'd4996dae-ea02-438d-8720-fe5c44718fce']",1
0dd36f11-0296-49ad-baf6-3488ab6e8332,MIMO time-domain equalization for high-speed continuous transmission under channel variability,['000442309400013'],"['0501', '0202']","['d7c9e0d3-26de-42bd-b7d7-7a22e6476c16', '96a7c47f-4bc5-4d7f-8a91-84ee79bb3462', 'fa217cc2-f93d-4cf5-9162-3e4269fe9b02', '01c8c0ea-af42-4b4f-b7b8-4e99572980a4', '35b06a48-c9ee-455d-bf85-0eb235415cf2', 'e64e450d-5ff8-4b80-b4c7-f2bfcc08b8a1']",1
09ee0da7-09e7-46ce-980f-16ef50189821,On priority queues with gradual preemption,[],[],"['801fe634-03ac-44d9-ace9-240ef2021369', '5dbd6273-37cb-4f92-afac-e28e5daf8643', '35b06a48-c9ee-455d-bf85-0eb235415cf2', '8edb7455-ec4e-4894-9fcb-d84e0edb91bf', '8edb7455-ec4e-4894-9fcb-d84e0edb91bf', '8edb7455-ec4e-4894-9fcb-d84e0edb91bf']",1
68b53c78-cfb3-4adc-a28a-866548805d68,Fuel for a Novel Design Strategy. On spatial patterns and structural knots.,[],[],"['43c66a4f-8c7b-409c-b90c-b53ff517b21b', '4fc3b18b-75f6-4913-b36b-c3ca5da9b21d']",1
b696cd60-f6f5-41b2-b06e-55437e8c6cde,Application of channel models to indoor off-body wireless MIMO communication with textile antennas,[],[],"['ceadf55b-7ba7-4b04-ac82-37f3afff1d5f', 'ca6546ea-344f-4812-b230-e946a19498f3', 'a583675b-ba40-473f-a624-ce782f7d10ff', '35b06a48-c9ee-455d-bf85-0eb235415cf2', '2c4933a1-9603-41c3-94df-a7bc63638f7e']",1
e32dc151-94cf-4bc4-bdf1-f628d2052d91,Benedictine thought as a catalyst for 20st Century liturgical space. The motivations behind Dom Hans van der Laan’s ascetic church architecture,[],[],"['43c66a4f-8c7b-409c-b90c-b53ff517b21b', '11aed73c-ffbb-4689-9d29-8d8739790092']",1
78efdda5-3ce6-49ea-8416-0ded25aac300,Two-step resource allocation for BIC-UFMC wireless communications,['000386654000069'],[],"['31a0d1e9-b976-4cf3-a380-06f9d37feb2c', '35b06a48-c9ee-455d-bf85-0eb235415cf2', '1a6d54e2-2fc5-4aef-b134-7200b4da4fcd', '1160b107-a23b-4090-b2f3-4261313aa4bc', 'be1b6309-e25e-426c-970e-f08a21932b49', '18013e82-fc22-44f6-ac5d-516a49ceaf36', 'c2700cd4-14cc-4d13-bdd9-b581dccf9096']",1
33275712-3001-426b-b831-98a53aeee07b,Dom Hans van der Laan. Der Architekt und Benediktinermönch suchte nach universellen Prinzipien in der Architektur,[],[],"['43c66a4f-8c7b-409c-b90c-b53ff517b21b', 'e37b8d24-702d-41a0-a058-193c4df2eec9']",1
d08da3ac-fd75-4450-845c-7eb679d3b4bb,Modulo loss reduction for Tomlinson-Harashima precoding in a multi-beam satellite forward link,['000382942700089'],[],"['31a0d1e9-b976-4cf3-a380-06f9d37feb2c', '156ef7e5-4454-41b9-889f-d50a7e97ca4a', '35b06a48-c9ee-455d-bf85-0eb235415cf2']",1
54199cbe-5d5e-4259-9cdf-80194540f0c1,Frequency offset estimation for KSP-OFDM,['000299165600055'],[],"['1682d785-e9c3-443c-a191-1885e51231b4', '35b06a48-c9ee-455d-bf85-0eb235415cf2', '60058b71-b670-41d9-8ec8-2f0e69fa561e']",1
a006d9f3-9d7c-4291-82be-1e457143d637,A comparison between parametric and nonparametric channel estimation for multipath fading channels,[],[],"['562b4037-0391-4f72-a64f-914302726655', '1682d785-e9c3-443c-a191-1885e51231b4', '35b06a48-c9ee-455d-bf85-0eb235415cf2', '60058b71-b670-41d9-8ec8-2f0e69fa561e', '5a14c682-7884-4f3e-b5be-72b4bf3ea232', 'd884ac82-88bb-4068-b3f1-aa498951b2a5', '9fb264a7-6329-4511-84de-7478e2d39d8c']",1
5cb3f6f7-3746-4b51-bafd-47f073d9a179,Phase noise estimation and compensation for OFDM systems: a DCT based approach,[],[],"['5e949071-d07b-4ca6-86fa-e42095315747', '35b06a48-c9ee-455d-bf85-0eb235415cf2', '2846cb1d-3b22-46e2-bd73-5dda2c232a9a']",1
e4008bb3-680e-4646-b829-ea3f687828d2,SAGE-based estimation algorithms for time-varying channels in amplify-and-forward cooperative networks,[],[],"['35b06a48-c9ee-455d-bf85-0eb235415cf2', '1246b4a0-2a5f-48ac-9be7-6d7ee356fa6c']",1
2a981d73-f3a5-4848-84ce-fdafcb080131,"Kleine architecturale situaties, (samen)wonen tussen type en topos",[],[],['43c66a4f-8c7b-409c-b90c-b53ff517b21b'],1
81cc0511-1240-443c-bd80-6bf52d1d435c,Pilot based single user frequency offset estimation in spectrally-overlapping FDMA CPM systems,['000380480900052'],[],"['5e949071-d07b-4ca6-86fa-e42095315747', '35b06a48-c9ee-455d-bf85-0eb235415cf2']",1
7b412138-1cd3-47b5-bca1-fa5c6b4e5cd8,Textile antenna systems for positioning and off-body communication,[],[],"['ca6546ea-344f-4812-b230-e946a19498f3', '296f4f15-6bd9-4be5-8ad8-6af1d01b8ced', '35b06a48-c9ee-455d-bf85-0eb235415cf2', 'ceadf55b-7ba7-4b04-ac82-37f3afff1d5f', '5c25d7ce-5b1d-4980-956a-97b2c63d3322', 'dd1fdbf2-4392-4b96-9088-9dfc4d62fcae', '78a84866-5251-44eb-a2c3-ba441a9c626b', 'c9b6151d-3acf-49b7-bbfe-9fbabf30edf7', '2c4933a1-9603-41c3-94df-a7bc63638f7e']",1
ed0d3193-83bf-4dff-9b31-663774bee14f,Outage probability minimization for cooperative cognitive radio with best-relay selection under an average interference power constraint,['000346481200112'],[],"['35b06a48-c9ee-455d-bf85-0eb235415cf2', '673c9555-7c48-41ea-a936-e7011fcafeab', 'a1bf0c44-5f64-4b57-83b3-449d19ff7eea', '3801dbf1-7bf3-4dae-9e71-bf04560a816a']",1
c245e523-92f1-4a65-be06-5e22fb593557,Equalization of multi-Gb/s chip-to-chip interconnects affected by manufacturing tolerances,['000413881700002'],"['0501', '0202']","['d7c9e0d3-26de-42bd-b7d7-7a22e6476c16', '96a7c47f-4bc5-4d7f-8a91-84ee79bb3462', 'fa217cc2-f93d-4cf5-9162-3e4269fe9b02', '35b06a48-c9ee-455d-bf85-0eb235415cf2', 'e64e450d-5ff8-4b80-b4c7-f2bfcc08b8a1']",1
03dea42f-99a0-4944-bd8b-8730cfbdadc0,BER analysis of square OSTBCs with LMMSE channel estimation in arbitrarily correlated Rayleigh fading channels,['000282982600012'],['0501'],"['96a7c47f-4bc5-4d7f-8a91-84ee79bb3462', '35b06a48-c9ee-455d-bf85-0eb235415cf2']",1
00e0d77d-d4a4-43ad-9269-8e66d59120cb,Reliable MIMO communication between firefighters equipped with wearable antennas and a base station using space-time codes,[],[],"['ceadf55b-7ba7-4b04-ac82-37f3afff1d5f', 'ca6546ea-344f-4812-b230-e946a19498f3', '35b06a48-c9ee-455d-bf85-0eb235415cf2', 'e5174464-1364-4fcb-bd19-63ec7e3b091f', '2c4933a1-9603-41c3-94df-a7bc63638f7e']",1
3a09efc8-025f-4ded-bf73-c14b0861d6c3,SNR maximization and modulo loss reduction for Tomlinson-Harashima precoding,['000449385100003'],"['0501', '0202']","['31a0d1e9-b976-4cf3-a380-06f9d37feb2c', '35b06a48-c9ee-455d-bf85-0eb235415cf2']",1
4844128c-d2b5-4998-a2f8-5693baf15947,Precoding for outage probability minimization on block fading channels,['000327594500030'],"['0501', '0202']","['fb063d39-693d-4336-96b8-0d3beaa62dfc', '35b06a48-c9ee-455d-bf85-0eb235415cf2', 'a52a3033-64cc-4ae9-bee7-69cc812b534c']",1
83bde8b5-566c-4f9d-8646-fad6b5e9b66e,De Provocatie van het Schijnbaar Onmogelijke,[],[],"['68a8f420-d471-4faa-979f-172d2e7a0d84', '613e4545-39c6-4b5b-9cb1-993191f97c75', '7a0a2ffd-015c-44ee-84ec-97c5b1923654']",1
6a8b0cf8-438e-403b-bc3c-9675ac51668d,Time-varying space-only code: a new paradigm for coded MIMO communication,[],[],"['fb063d39-693d-4336-96b8-0d3beaa62dfc', '35b06a48-c9ee-455d-bf85-0eb235415cf2', '637cd1f7-60d5-4e0d-a3e8-fd5b18426ed5', '127755ae-933b-44fe-a5f1-842becaa3385', '95208022-70a7-46a6-bb27-18a8a1978ad5']",1
c99688f5-23ec-465a-a009-8f336e0f55e9,Adaptive coding and modulation using imperfect CSI in cognitive BIC-OFDM systems,['000391630500002'],"['0501', '0202']","['35b06a48-c9ee-455d-bf85-0eb235415cf2', '673c9555-7c48-41ea-a936-e7011fcafeab', 'a12ff047-bf7e-4822-a463-5fd3c7cb9df7', '1a0ec327-ca8c-4abc-bcb7-9c17d5393eb5', '8baa38b2-cc22-4001-b96f-c25c901e4ad0', '474d7200-ff45-4052-a2cf-c02b5732f3dc', '5d9fcd16-b1d4-44f3-9b90-ca645c2911c8']",1
7e98f9f7-54d1-43cf-a8f0-9f8dc6b65644,Semi-analytical evaluation of concatenated RS/LDPC coding performance with finite block interleaving against impulsive noise,['000392118900010'],[],"['156ef7e5-4454-41b9-889f-d50a7e97ca4a', '01c8c0ea-af42-4b4f-b7b8-4e99572980a4', '35b06a48-c9ee-455d-bf85-0eb235415cf2', '149c33ac-d3fe-467c-9c81-55c45e65d33d', 'e1048180-0a75-4a41-b4fd-c80a937a2849']",1
c2c2fcd7-f906-4acf-985f-334cfb8bf8aa,Architectuurboek Vlaanderen N°11 - Architectuur middenin,[],[],"['1927140a-6882-4dd3-867e-dd72c366685b', 'c9242720-7660-4332-962c-29e8ef312eef', '43c66a4f-8c7b-409c-b90c-b53ff517b21b', 'd1c4e4a5-1c75-407b-a54a-07f850adb599', 'b9c5458e-2f7c-4e28-a374-f534b336d14f', '929ac672-10d1-4e69-8939-80db69c86c7c', '2335ed54-5e57-4727-8911-d2f2ca7118a2', '4ef13484-5f4f-4bc1-a11d-4dea59f0a3e9', '165d2cbe-b3f5-4ac1-92ec-f7d2d0fa4bff', '6ae36835-633a-45fa-86bb-cb735eb913d6', '0760de3c-f178-4a93-b625-b26dcbc54d0b', 'fe15d83b-6d2a-4d5f-a8f2-8355fb052539', 'e35a12e8-27f6-4410-bd8d-90b603a8929e', 'ddf92413-6c0a-487f-9fb5-f25e6b17b317', '92f585a3-1365-458c-a97e-63effd9c4d85', 'e7106625-bb21-4bca-8e63-1ed133c2cada', 'ef029c7e-90ba-4525-9cb0-be46cc79f414', '271139f9-4693-4e68-826b-1b2e5a8302b6', '79dd84dd-2603-4d0c-a52d-be0fa26a4633']",1
12057977-4229-4175-b42e-44ce9e1dcdef,"Conceptual Art and Surrealism: an Exceptional, Belgian Liaison",[],[],"['01e1efb5-4056-47af-b1de-56a6cb4d6d11', '7dcd7b29-2cb6-4447-baa3-ff9d10031c8d']",1
a0992b16-12e9-4c0f-91d8-82a955032bc1,Iterative soft-decision-directed phase noise estimation from a DCT basis expansion,[],[],"['35b06a48-c9ee-455d-bf85-0eb235415cf2', '2846cb1d-3b22-46e2-bd73-5dda2c232a9a']",1
692386b0-a761-4d55-b91e-15186219ac88,Low-complexity frequency offset and phase noise estimation for burst-mode digital transmission,['000300719700322'],[],"['5e949071-d07b-4ca6-86fa-e42095315747', '35b06a48-c9ee-455d-bf85-0eb235415cf2', '2846cb1d-3b22-46e2-bd73-5dda2c232a9a']",1
683ee21a-3df6-4154-96ea-5c9c32db58c4,Bounds and algorithms for data-aided channel estimation in OFDM,[],[],"['1682d785-e9c3-443c-a191-1885e51231b4', '35b06a48-c9ee-455d-bf85-0eb235415cf2', '12c310d5-accb-48fe-bf32-d8cf0865e3ce', 'abb74525-638f-4fb3-88c9-3f150dfb9cea', '39d3e4ea-23b7-413f-8f3c-d91d9e1500a1']",1
97cd4261-a314-44c1-94ba-c0226c7d1e8e,Iterative SAGE-based channel estimation in a block fading amplify-and-forward relaying network,['000335154100002'],"['0501', '0202']","['1246b4a0-2a5f-48ac-9be7-6d7ee356fa6c', '673c9555-7c48-41ea-a936-e7011fcafeab', '8edb7455-ec4e-4894-9fcb-d84e0edb91bf', '8edb7455-ec4e-4894-9fcb-d84e0edb91bf', '8edb7455-ec4e-4894-9fcb-d84e0edb91bf', '35b06a48-c9ee-455d-bf85-0eb235415cf2', 'd4996dae-ea02-438d-8720-fe5c44718fce']",1
59acf013-148b-4c56-80bc-b42634198afe,Precoding for coded communication on block fading channels and cooperative communications,['000299416200073'],[],"['fb063d39-693d-4336-96b8-0d3beaa62dfc', '35b06a48-c9ee-455d-bf85-0eb235415cf2', 'cedd194e-e2dc-48ac-a77c-5ebabe94186d']",1
f08a89f7-470f-49b0-821c-e7218249a8df,MIMO pre-equalization and DFE for high-speed off-chip communication,['000386360400027'],[],"['96a7c47f-4bc5-4d7f-8a91-84ee79bb3462', '01c8c0ea-af42-4b4f-b7b8-4e99572980a4', '35b06a48-c9ee-455d-bf85-0eb235415cf2']",1
852a87c5-c9b8-43af-a3cf-6912a47ddbf5,Accurate BER analysis of orthogonal space-time block codes with MMSE channel estimation,[],[],"['96a7c47f-4bc5-4d7f-8a91-84ee79bb3462', '35b06a48-c9ee-455d-bf85-0eb235415cf2']",1
e19109b5-293d-4681-ae49-904340f521d6,Time-varying space-only codes,[],[],"['fb063d39-693d-4336-96b8-0d3beaa62dfc', '35b06a48-c9ee-455d-bf85-0eb235415cf2', '0fd9e91e-8fde-4967-9fb2-4269dcc4dce4', '21e94f77-1861-4d82-9015-2a16e19fc7fe', 'f955997f-292a-4fa8-9bc2-ff36e93aede8']",1
004d3bb7-4524-4f2c-9f55-abc323c98c64,Exact BER analysis for orthogonal space-time block codes on arbitrary fading channels with imperfect channel estimation,['000305824600190'],[],"['96a7c47f-4bc5-4d7f-8a91-84ee79bb3462', '35b06a48-c9ee-455d-bf85-0eb235415cf2']",1
34c1c457-e6ea-4cbe-bdaf-508404141b60,Ria Pacquée: 40 photos,[],[],"['01e1efb5-4056-47af-b1de-56a6cb4d6d11', 'c57dd7f6-13af-4096-9191-909acadd2f27']",1
96590e11-d869-44ce-aa53-5a72cca8a9ff,MAP estimation of time-varying channels in amplify-and-forward cooperative networks,['000312809400356'],[],"['35b06a48-c9ee-455d-bf85-0eb235415cf2', '1246b4a0-2a5f-48ac-9be7-6d7ee356fa6c']",1
f6e7e3a2-5013-4bda-92a7-be5169a52624,Dynamic link performance analysis of a rescue worker&#39;s off-body communication system using integrated textile antennas,['000275712700001'],['0202'],"['ceadf55b-7ba7-4b04-ac82-37f3afff1d5f', 'ca6546ea-344f-4812-b230-e946a19498f3', '35b06a48-c9ee-455d-bf85-0eb235415cf2', 'e5174464-1364-4fcb-bd19-63ec7e3b091f', '2c4933a1-9603-41c3-94df-a7bc63638f7e', 'a583675b-ba40-473f-a624-ce782f7d10ff']",1
4aaabd39-d632-44f3-aca9-066cf4531460,Sequences for oversaturated CDMA channels,[],[],"['e1aee6c9-11b7-47e6-a204-6709f32b67f1', '35b06a48-c9ee-455d-bf85-0eb235415cf2']",1
d435ef91-33db-4467-9242-655f6e141b0f,Blind combining for weighted energy detection of UWB signals,['000285920700035'],['0202'],"['e1aee6c9-11b7-47e6-a204-6709f32b67f1', '35b06a48-c9ee-455d-bf85-0eb235415cf2', 'a4e0c59c-9629-4bf1-831e-3d084a7d22ac', '1edf9abb-ce92-4710-aa36-3610868bcf3f']",1
81d46513-f243-4a15-96f2-c7b3ea4a54a5,Fragment van &#39;Le journal d’un usager de l’espace&#39;: over de (on)mogelijkheid om een beeld te vormen van limieten,[],[],"['613e4545-39c6-4b5b-9cb1-993191f97c75', '0f7ea712-45bf-4c2f-822d-e091d264f5e7', '105cd6a1-55fd-489d-a10d-afebbeeb549a', 'c9d2e0a7-9e28-4c5c-a518-ea353f1cb601']",1
25383a3c-bd43-422a-8eb1-77c429c34fad,Book: Inland Voyages in An Inland Voyage,[],[],"['613e4545-39c6-4b5b-9cb1-993191f97c75', '68ce6c65-8619-4708-b3c9-1959a73290b0', 'a676d699-d686-4317-b3cd-9a6d6bca22de', '6b50ad26-2d22-458a-9dc2-e6b137397e73']",1
3e3fd71e-dc7c-467e-a96f-3fac1cd2ef25,Linear MIMO equalization for high-speed chip-to-chip communication,['000371708105034'],[],"['96a7c47f-4bc5-4d7f-8a91-84ee79bb3462', '01c8c0ea-af42-4b4f-b7b8-4e99572980a4', '35b06a48-c9ee-455d-bf85-0eb235415cf2']",1
8ff88599-b544-4779-8aec-d11a36fe2016,A wireless off-body communication link with receive diversity,[],[],"['ceadf55b-7ba7-4b04-ac82-37f3afff1d5f', 'a583675b-ba40-473f-a624-ce782f7d10ff', 'ca6546ea-344f-4812-b230-e946a19498f3', '35b06a48-c9ee-455d-bf85-0eb235415cf2', 'e5174464-1364-4fcb-bd19-63ec7e3b091f', '2c4933a1-9603-41c3-94df-a7bc63638f7e']",1
e7136008-80fe-4ded-9ead-417bd854f15e,Full diversity Random LDPC codes,[],[],"['fb063d39-693d-4336-96b8-0d3beaa62dfc', '35b06a48-c9ee-455d-bf85-0eb235415cf2', 'e9a12681-54f7-4e20-b059-92312fc0b7be']",1
440a1667-cc86-4bf2-8ee5-d87ab34315b3,Low-density parity-check coding for block fading relay channels,['000305809200051'],[],"['fb063d39-693d-4336-96b8-0d3beaa62dfc', '35b06a48-c9ee-455d-bf85-0eb235415cf2', '50cb2a7c-ba4a-4c9a-a669-c425ac2340ea']",1
7fd37dc5-548f-49dc-b9b3-4527c218bded,Video quality protection strategies for HDTV in the presence of buffer overflow,['000271488400057'],[],"['e1aee6c9-11b7-47e6-a204-6709f32b67f1', '35b06a48-c9ee-455d-bf85-0eb235415cf2', '0e4ae852-3876-44c1-b8ca-05adc0d286dc', 'b6a67ae4-865c-4616-b4a7-65b035964b88', 'f04582a0-6759-4fa0-b6a1-9e1110069d53']",1
ac340ecc-b199-4b25-9122-09ee68795269,Benedicte thought as a Catalyst for 20th Century Liturgical Space- Motivations behind Dom Hans van der Laan&#39;s Ascetic Church Architecture,[],[],"['43c66a4f-8c7b-409c-b90c-b53ff517b21b', '11aed73c-ffbb-4689-9d29-8d8739790092', 'c16d634c-d566-4f6c-b5a1-8b83ac09abf6', 'f3cd6bfc-7b98-4e9e-8060-9dbdf5cecc4a']",1
b4526b45-3577-4a5b-8481-03f96e8146a8,Accurate BER analysis of square OSTBCs with imperfect channel estimation in arbitrarily correlated Rayleigh fading,[],[],"['96a7c47f-4bc5-4d7f-8a91-84ee79bb3462', '35b06a48-c9ee-455d-bf85-0eb235415cf2']",1
e71922ac-06a8-4b63-9f07-92096bf734be,Substance Data,[],[],"['613e4545-39c6-4b5b-9cb1-993191f97c75', '438ea7f5-c314-4c83-a539-f46c362f0eb6', 'cda04589-a100-4938-9085-f38624bce9ac', '613e4545-39c6-4b5b-9cb1-993191f97c75', 'ce97c80a-e858-44bd-ad4b-422f82c073a9', 'c35558f2-f818-45ff-b063-f7bf949292bf', 'b0423f38-1501-41d4-86fc-1f9e2f6639db', '543a3c6f-dbb2-4677-a71a-c7b414886d5f', 'bee6e3c9-9eb3-4899-82ea-3a73b0f2c341', 'c8ffbe45-29b9-498e-a5f3-8b7c64202ec1', '208df41f-b115-4363-b84c-540905018fc0', '9a4e0f90-bb2e-4efa-a3bb-84f7759ff1e0', 'c695d9e2-6f4f-4c43-b8a2-6d701f6f8fda', 'ee7b2c6b-ecfd-48fe-8c84-7e12b445f972', '4eb17bb0-ad50-4692-a0ff-404872552aae']",1
fbe0ac80-869a-4109-9186-7837b6516806,Quantize and forward cooperative communication: joint channel and frequency offset estimation,[],[],"['35b06a48-c9ee-455d-bf85-0eb235415cf2', 'd4996dae-ea02-438d-8720-fe5c44718fce']",1
86bd32e7-c85c-4cdb-8e58-04fed8cdeb08,Time delay estimation for KSP-OFDM systems in multipath fading channels,['000305824603017'],[],"['1682d785-e9c3-443c-a191-1885e51231b4', '35b06a48-c9ee-455d-bf85-0eb235415cf2', '60058b71-b670-41d9-8ec8-2f0e69fa561e']",1
37997ad3-8202-40e5-baf6-405a0fb708e8,Block-processing soft-input soft-output demodulator for coded PSK using DCT-based phase noise estimation,['000341571700027'],"['0501', '0202']","['5e949071-d07b-4ca6-86fa-e42095315747', '8edb7455-ec4e-4894-9fcb-d84e0edb91bf', '8edb7455-ec4e-4894-9fcb-d84e0edb91bf', '35b06a48-c9ee-455d-bf85-0eb235415cf2', '2846cb1d-3b22-46e2-bd73-5dda2c232a9a', '747056bf-7b07-4519-9fed-ce3afef02ba9']",1
b3231a00-3994-4310-8529-1747a98c57f3,Semi-analytical evaluation of concatenated RS/LDPC coding performance with finite block interleaving,['000403431300005'],['0501'],"['156ef7e5-4454-41b9-889f-d50a7e97ca4a', '01c8c0ea-af42-4b4f-b7b8-4e99572980a4', '35b06a48-c9ee-455d-bf85-0eb235415cf2', '149c33ac-d3fe-467c-9c81-55c45e65d33d', 'e1048180-0a75-4a41-b4fd-c80a937a2849']",1
34e9501c-7994-4dd0-b51f-8e7a0942c3b9,The Photographic Error as a Strategy in Belgian Conceptual art. The Case of Jacques Lizène,[],[],['01e1efb5-4056-47af-b1de-56a6cb4d6d11'],1
2c252590-1313-44f5-9f1e-92bfbcba26d6,Between Looking and Making: Unravelling Dom Hans van der Laan’s Plastic Number,['000382241000001'],[],['43c66a4f-8c7b-409c-b90c-b53ff517b21b'],1
aeb1b0c3-79be-4ee0-be1f-c90b633661ad,Robust spatio-temporal partial-response signaling over a frequency-selective fading MIMO channel with imperfect CSI,['000570973100129'],[],"['d7c9e0d3-26de-42bd-b7d7-7a22e6476c16', '96a7c47f-4bc5-4d7f-8a91-84ee79bb3462', '01c8c0ea-af42-4b4f-b7b8-4e99572980a4', '35b06a48-c9ee-455d-bf85-0eb235415cf2']",1
eb42f618-a0bb-46fb-b45f-99347c7f301b,"WALKING FOR A MOMENT ALONG A STONE, A GENERAL AND A PROJECTION",[],[],['613e4545-39c6-4b5b-9cb1-993191f97c75'],1
d41ee1fa-c224-460f-92cd-72b0182b12ea,Universal LDPC codes for cooperative communications,[],[],"['fb063d39-693d-4336-96b8-0d3beaa62dfc', '35b06a48-c9ee-455d-bf85-0eb235415cf2', '0e7c96ef-1bd6-431f-864c-5268d81e801d', '1536acbd-a7be-4bd9-b0dc-b732bf1c756b', '1ba88b66-7bfb-4d40-b9d3-7b5b26ae30c9']",1
3e08f48d-80d7-40bd-9949-0beb30347b00,Una Casa per lo Spirito,[],[],['43c66a4f-8c7b-409c-b90c-b53ff517b21b'],1
fdf415b7-4f48-438a-92c5-781b80ba5db6,New factor graph based multiuser detector for spectrally efficient CPM,[],[],"['5e949071-d07b-4ca6-86fa-e42095315747', '35b06a48-c9ee-455d-bf85-0eb235415cf2']",1
38115f48-0d95-43f8-bb49-0c33f451c9a0,Precoding for word error rate minimization of LDPC coded modulations on block fading channels,['000306600200011'],"['0501', '0202']","['fb063d39-693d-4336-96b8-0d3beaa62dfc', '35b06a48-c9ee-455d-bf85-0eb235415cf2', 'de69c224-5c18-4192-94fa-d6868daac060']",1
f766c236-6966-4c6e-82aa-9a03d4a9cfc5,Goodput-maximizing resource allocation in cognitive radio BIC-OFDM systems with DF relay selection,['000371708101101'],[],"['35b06a48-c9ee-455d-bf85-0eb235415cf2', '673c9555-7c48-41ea-a936-e7011fcafeab', '445f3859-1dec-41d9-9c78-54a70b3263dd', 'ae3d4abd-1cc1-416e-908e-2c35163ca6bf', '56164e29-56f3-4b7b-a3c5-597bb6e27079', '9b198a3f-a34a-4b1b-98b3-4f1164287e1e', '33d37d56-e4f6-4f1b-ac0c-49865675bd29']",1
ab844707-af18-4b78-8ade-534e9bed8a77,Calculation of delay characteristics for multiserver queues with constant service times,['000267796000019'],"['0303', '0502']","['7f709d6c-d27c-437b-898f-20fef45b1c4a', '5dbd6273-37cb-4f92-afac-e28e5daf8643', '5dbd6273-37cb-4f92-afac-e28e5daf8643', '35b06a48-c9ee-455d-bf85-0eb235415cf2', '8edb7455-ec4e-4894-9fcb-d84e0edb91bf', '8edb7455-ec4e-4894-9fcb-d84e0edb91bf', '8edb7455-ec4e-4894-9fcb-d84e0edb91bf', '57fe48d3-d638-45c3-b5b8-3fe24d31b625']",1
c9740670-2867-44d5-ad81-654231520965,Classic Modernism. Léon Stynen’s Houses.,[],[],"['43c66a4f-8c7b-409c-b90c-b53ff517b21b', '61f88ae7-e462-43e2-9042-d39ef4cc2034']",1
ea112ccf-1bdd-4cad-9764-9c865e9e5e0b,EM based channel estimation in an amplify-and-forward relaying network,['000305822600131'],[],"['fb063d39-693d-4336-96b8-0d3beaa62dfc', '35b06a48-c9ee-455d-bf85-0eb235415cf2', '1246b4a0-2a5f-48ac-9be7-6d7ee356fa6c', 'd4996dae-ea02-438d-8720-fe5c44718fce']",1
ba0749b8-ee7d-43f8-b08d-726f7a20443e,BER of MRC for M-QAM with imperfect channel estimation over correlated Nakagami-m fading,[],[],"['96a7c47f-4bc5-4d7f-8a91-84ee79bb3462', '35b06a48-c9ee-455d-bf85-0eb235415cf2', '6831c454-c0ab-4e66-ac6d-49b18bcc3e34', '38094c19-7c16-4b97-874d-ed1d87ebf4bc']",1
ee815915-b75a-4883-bd38-d9600da3f467,Between Ima Summis and nearness. Dom Hans van der Laan’s Roosenberg Abbey as an example of a contemporary space of worship,['000375837600004'],['0604'],['43c66a4f-8c7b-409c-b90c-b53ff517b21b'],1
790cf452-a2a6-4bcc-941f-674390466af2,Abstractie en modernisme in de Belgische fotografie en film 1920-1935,[],[],"['01e1efb5-4056-47af-b1de-56a6cb4d6d11', '845a9780-96e4-4403-bfc3-18623410ec5e', 'd3b5f8d5-4873-450b-9017-fbd8582e7fcf']",1
9ff239b6-002a-4283-b4c9-c8be9d8d5537,Error performance prediction of randomly shortened and punctured LDPC codes,['000464755900002'],['0501'],"['156ef7e5-4454-41b9-889f-d50a7e97ca4a', '01c8c0ea-af42-4b4f-b7b8-4e99572980a4', '35b06a48-c9ee-455d-bf85-0eb235415cf2', 'e1048180-0a75-4a41-b4fd-c80a937a2849', '9d16cee4-fe79-467e-ba1b-733057498379']",1
2fafed6e-f218-439f-8520-4426ea14c60e,On short-length error-correcting codes for 5G-NR,['000445715900004'],['0501'],"['e41550a4-234f-42b1-afab-14b30ba00526', '35b06a48-c9ee-455d-bf85-0eb235415cf2', 'adcdb94f-f8e1-4072-940f-477427ad1649', '5f4476d0-ef93-47a1-9676-a749da725ecb']",1
4159c1f1-a3f8-4389-8303-f5379c7deccf,"Autonomous Architecture in Flanders. The Early Works of Marie-José Van Hee, Christian Kieckens, Marc Dubois, Paul Robbrecht and Hilde Daem",[],[],"['43c66a4f-8c7b-409c-b90c-b53ff517b21b', '855ad43e-bf88-4402-b17d-bf80157b00ff', '058b4dae-ca84-44ac-8c18-396a4c287aeb', '9a8189e2-dbff-4f46-bc76-6a7e2d530656']",1
14e5ec32-cf19-4fcd-9a2b-8095ca983e2b,Stochastic framework for evaluating the effect of displaced antenna elements on DOA estimation,['000399311000065'],"['0501', '0202']","['e5174464-1364-4fcb-bd19-63ec7e3b091f', '19f8e256-79a7-4405-9f55-b55c39ff3261', 'ca6546ea-344f-4812-b230-e946a19498f3', '35b06a48-c9ee-455d-bf85-0eb235415cf2', '8edb7455-ec4e-4894-9fcb-d84e0edb91bf', '8edb7455-ec4e-4894-9fcb-d84e0edb91bf', '8edb7455-ec4e-4894-9fcb-d84e0edb91bf', 'e33ddfd2-5890-4b5b-87da-19c88840af06']",1
32e060c8-16b1-45ee-9f6a-5861accaebb6,The unwanted self: contemporary photography from the Low Countries,[],[],"['01e1efb5-4056-47af-b1de-56a6cb4d6d11', 'f876eacc-92df-4ed8-8f2e-bcc5ab41ad41', '98cb41ac-7b3e-4061-9922-eb6f81ba76c9', '762d0194-1f21-4b92-937e-312de1677a3b', '5a012e4f-7f4c-4f86-ad8e-a529166e2eaf', '3dfe436b-545e-4592-9c4e-3ee3d0ea3b2d', 'c949480a-8e73-4c34-ac40-307e5b905b7a', 'a1d1179d-43da-4b77-923a-b832e428f6b3', '1ca03927-e817-42c7-8739-b8e3c234d5b5']",1
e8c0b0cd-513d-4b5f-b3c3-7c6c4179cde6,On partial response signaling for MIMO equalization on multi-Gbit/s electrical interconnects,['000455614900185'],[],"['96a7c47f-4bc5-4d7f-8a91-84ee79bb3462', 'd7c9e0d3-26de-42bd-b7d7-7a22e6476c16', '01c8c0ea-af42-4b4f-b7b8-4e99572980a4', 'fa217cc2-f93d-4cf5-9162-3e4269fe9b02', '35b06a48-c9ee-455d-bf85-0eb235415cf2', 'e64e450d-5ff8-4b80-b4c7-f2bfcc08b8a1']",1
9678b696-ebf4-4328-af40-98616bc52548,Comparison of Reed-Solomon and Raptor codes for the protection of video on-demand on the erasure channel,[],[],"['149c33ac-d3fe-467c-9c81-55c45e65d33d', '35b06a48-c9ee-455d-bf85-0eb235415cf2', '3ac09646-6c06-443e-bc8d-9d254c6d6b1b']",1
2bf15e2b-0714-4e00-8a1a-8cdc9aa86c3f,Application of MIMO DF equalization to high-speed off-chip communication,['000380463400067'],[],"['96a7c47f-4bc5-4d7f-8a91-84ee79bb3462', '01c8c0ea-af42-4b4f-b7b8-4e99572980a4', '35b06a48-c9ee-455d-bf85-0eb235415cf2']",1
1e6e953f-dc2d-42fe-8690-fedf0d5dfba9,Indoor off-body communication based on a textile multi-antenna system integrated in clothing for rescue workers,[],[],"['ca6546ea-344f-4812-b230-e946a19498f3', 'ceadf55b-7ba7-4b04-ac82-37f3afff1d5f', '35b06a48-c9ee-455d-bf85-0eb235415cf2', 'a583675b-ba40-473f-a624-ce782f7d10ff', '2c4933a1-9603-41c3-94df-a7bc63638f7e', '78a84866-5251-44eb-a2c3-ba441a9c626b']",1
48ffc608-a13c-4c30-b8a8-18a0b3fc9843,Fenêtres sur une architecture de l&#39;épaisseur et de la profondeur: une étude des fortifications de Cambrai par le &#39;dessin critique séquentiel (Windows into an Architecture of Darkness and Depth through critical sequential drawing).,[],[],"['68a8f420-d471-4faa-979f-172d2e7a0d84', '613e4545-39c6-4b5b-9cb1-993191f97c75', '43ce3c70-cc06-41a3-8bb1-22492b5b5354', '81466077-f729-43bc-9c5f-ed86ff24862c']",1
f7f8ffa5-27a3-4946-89a0-4242b09d18d9,The modified cramer-rao bound for channel estimation in quantize-and-forward cooperative systems,['000326048102162'],[],"['35b06a48-c9ee-455d-bf85-0eb235415cf2', 'd4996dae-ea02-438d-8720-fe5c44718fce']",1
946d99da-184d-4c8e-8124-b58f3b1f83fe,The poetics of order: Dom Hans van der Laan&#39;s architectonic space,[],[],['43c66a4f-8c7b-409c-b90c-b53ff517b21b'],1
5d66d364-3e08-456a-9bab-ac420287c3bf,Architectonic Space as a contemporary interpretation of connaissance poetique within sacred architecture. Objectivism and form abstraction/concretisation in the work of Dom Hans van der Laan,[],[],"['43c66a4f-8c7b-409c-b90c-b53ff517b21b', '11aed73c-ffbb-4689-9d29-8d8739790092', 'a0d45929-0c6d-4490-9e41-2ac873b25a99']",1
ac110759-8ef6-4bf0-9bb6-0b4325b8355e,Zoeken naar de zeggingskracht van de ruimte. De architectuur van Dom Hans van der Laan.,[],[],['43c66a4f-8c7b-409c-b90c-b53ff517b21b'],1
e9b404c9-9631-4451-92e4-da0a166550b3,Iterative multiuser detection of spectrally efficient FDMA CPM,['000308963300020'],['0202'],"['5e949071-d07b-4ca6-86fa-e42095315747', '35b06a48-c9ee-455d-bf85-0eb235415cf2']",1
624479d6-81b5-4225-99db-81369e24cbcf,Low-density graph codes for coded cooperation on slow fading relay channels,['000291922500013'],"['0501', '0202']","['fb063d39-693d-4336-96b8-0d3beaa62dfc', '35b06a48-c9ee-455d-bf85-0eb235415cf2', '2215ae3b-b9bb-49a3-be3a-d80e75d2342e']",1
1329954d-32e0-4c88-b99a-bdc8e6a07f1d,The design conference model and its learning environment: a construction site,['000364906500035'],['0603'],['613e4545-39c6-4b5b-9cb1-993191f97c75'],1
1d0f302f-f99b-4468-9097-60a9dd6e1da1,Ongedwongen stedelijkheid,[],[],['43c66a4f-8c7b-409c-b90c-b53ff517b21b'],1
af418e53-7973-40d7-a2e5-885e8a6b1531,Resource allocation for multicarrier cooperative cognitive radio networks with imperfect channel state information,[],[],"['673c9555-7c48-41ea-a936-e7011fcafeab', '35b06a48-c9ee-455d-bf85-0eb235415cf2', '22c43296-56fc-44cf-b999-62f70e382b03', '8c22c097-0c6f-4b01-bd0e-8fb15a33e2c3', '6fa68fec-e50b-4d51-b8cd-a626ff111178', 'c0daff68-3b37-4434-a713-94b798dcbd23']",1
a68f19d0-38d0-4fa7-a238-72726a792a81,Accurate modeling of the predicted kESM-based link performance metric for BIC-OFDM systems,['000380458800008'],[],"['35b06a48-c9ee-455d-bf85-0eb235415cf2', '673c9555-7c48-41ea-a936-e7011fcafeab', 'ef4a6c6c-7eaf-4272-9c13-16ef2e2333cf', '3d6c00d1-3544-4aeb-9e75-40e1e4ec9292', 'c8b6f09a-bf16-4667-8daf-94257f8d9355', 'ed6f2751-714c-450c-87aa-2e191311235f', '5520264d-b3ee-46c6-b3e7-88adfc6fa0f2']",1
ffe5dffd-3dfb-4b8f-8fca-89275c8839b8,Distributed dynamic resource allocation for cooperative cognitive radio networks with multi-antenna relay selection,['000395825200044'],"['0501', '0202']","['35b06a48-c9ee-455d-bf85-0eb235415cf2', '673c9555-7c48-41ea-a936-e7011fcafeab', '1ac16c09-98de-44a2-8a46-b2e1c2934f98', '4cb0ccee-918c-42df-b36c-b888ef515442', '500b3cef-14aa-4aab-a8da-9188ca470795', '807be304-a5e3-4b40-abf3-fe66aee3c36d']",1
8b163fd0-0862-453f-826f-70fc0f3f2ca2,Effect of MMSE channel estimation on BER performance of orthogonal space-time block codes in Rayleigh fading channels,['000266069700008'],"['0501', '0202']","['96a7c47f-4bc5-4d7f-8a91-84ee79bb3462', '35b06a48-c9ee-455d-bf85-0eb235415cf2']",1
3148d074-d16a-4a13-b9fb-fcd625f22dc3,Between Looking and Making Unravelling Dom Hans van der Laan’s Plastic Number,[],[],"['43c66a4f-8c7b-409c-b90c-b53ff517b21b', '46208fbb-2db0-44ca-a61d-e7bbe93a4740', 'ea74e14a-16a0-4a23-b85c-f773ac674976']",1
dc1711b1-2e51-4377-a029-d51eb88270ed,"Characterization of measured indoor off-body MIMO channels with correlated fading, correlated shadowing and constant path loss",['000300426000028'],"['0501', '0202']","['ceadf55b-7ba7-4b04-ac82-37f3afff1d5f', '96a7c47f-4bc5-4d7f-8a91-84ee79bb3462', 'ca6546ea-344f-4812-b230-e946a19498f3', '35b06a48-c9ee-455d-bf85-0eb235415cf2', 'e5174464-1364-4fcb-bd19-63ec7e3b091f', '2c4933a1-9603-41c3-94df-a7bc63638f7e']",1
a6eb467a-f383-4cd3-b3f6-24a2affd932d,BER performance of OSTBCs on correlated fading channels with imperfect channel estimation,[],[],"['96a7c47f-4bc5-4d7f-8a91-84ee79bb3462', '35b06a48-c9ee-455d-bf85-0eb235415cf2', '9c1e02d7-249a-466f-b49a-5d892e30f909', '3e51c871-f3c4-4560-bbeb-7fa8156cb14b', '65128eab-8b9d-4818-ab77-174d13e56a7f', '496c2758-92d7-4e8f-9974-73b2a7c33586']",1
560b801f-48b3-42fc-a0a6-92803ff25a08,MMSE equalization of multi-Gb/s chip-to-chip interconnects with M-PAM signaling affected by manufacturing tolerances,['000392118900001'],[],"['d7c9e0d3-26de-42bd-b7d7-7a22e6476c16', '96a7c47f-4bc5-4d7f-8a91-84ee79bb3462', 'fa217cc2-f93d-4cf5-9162-3e4269fe9b02', '35b06a48-c9ee-455d-bf85-0eb235415cf2', 'e64e450d-5ff8-4b80-b4c7-f2bfcc08b8a1']",1
e0f03791-709a-469d-b6a2-420625139883,Pilot based time delay estimation for KSP-OFDM systems in a multipath fading environment,[],[],"['562b4037-0391-4f72-a64f-914302726655', '1682d785-e9c3-443c-a191-1885e51231b4', '35b06a48-c9ee-455d-bf85-0eb235415cf2', '60058b71-b670-41d9-8ec8-2f0e69fa561e']",1
ba12eeaf-0227-4c2c-9bda-ada4092f1478,Computationally-efficient iterative demodulation of coded PSK signals affected by phase noise,['000380480900043'],[],"['5e949071-d07b-4ca6-86fa-e42095315747', '8edb7455-ec4e-4894-9fcb-d84e0edb91bf', '8edb7455-ec4e-4894-9fcb-d84e0edb91bf', '8edb7455-ec4e-4894-9fcb-d84e0edb91bf', '35b06a48-c9ee-455d-bf85-0eb235415cf2', '2846cb1d-3b22-46e2-bd73-5dda2c232a9a']",1
c1af4731-ba57-450a-aadc-bd65730cba73,Efficient BER simulation of orthogonal space-time block codes in Nakagami-m fading,[],[],"['96a7c47f-4bc5-4d7f-8a91-84ee79bb3462', '35b06a48-c9ee-455d-bf85-0eb235415cf2']",1
0286c2e2-220d-48a5-914d-5fe68ec55454,Performance analysis of pre-equalized multilevel partial response modulation for high-speed electrical interconnects,['000401384600003'],"['0501', '0202']","['01c8c0ea-af42-4b4f-b7b8-4e99572980a4', '96a7c47f-4bc5-4d7f-8a91-84ee79bb3462', '35b06a48-c9ee-455d-bf85-0eb235415cf2', 'e93a1e52-ccd4-4f84-af51-e16ff50c7065']",1
3287455c-4f3c-49ae-bcb7-a967dbeeedaa,Wireless communication for firefighters using dual-polarized textile antennas integrated in their garment,['000276414500036'],"['0501', '0202']","['ceadf55b-7ba7-4b04-ac82-37f3afff1d5f', 'ca6546ea-344f-4812-b230-e946a19498f3', '35b06a48-c9ee-455d-bf85-0eb235415cf2', 'e5174464-1364-4fcb-bd19-63ec7e3b091f', '2c4933a1-9603-41c3-94df-a7bc63638f7e', 'a583675b-ba40-473f-a624-ce782f7d10ff']",1
8623e14c-17e2-4466-ad0f-d596001fb4ec,Spectrally efficient CPM: suboptimal FG-based multiuser detection,['000324580701001'],[],"['5e949071-d07b-4ca6-86fa-e42095315747', '35b06a48-c9ee-455d-bf85-0eb235415cf2']",1
339f87eb-d567-406b-aa59-43e0765e713d,Modulo loss reduction in spatial multiplexing systems with Tomlinson-Harashima precoding,['000380458800017'],[],"['31a0d1e9-b976-4cf3-a380-06f9d37feb2c', '156ef7e5-4454-41b9-889f-d50a7e97ca4a', '35b06a48-c9ee-455d-bf85-0eb235415cf2']",1
c35eecc9-be33-46f3-849d-7fc31204a837,Coded modulations for block fading channels,[],[],"['fb063d39-693d-4336-96b8-0d3beaa62dfc', '35b06a48-c9ee-455d-bf85-0eb235415cf2', '6e8aeb49-5639-4d24-af21-623af3ed5487']",1
0747ef3c-a2e9-4e0f-816a-e48b8a51a265,Moderate deviations of retransmission buffers over a wireless fading channel,[],[],"['35b06a48-c9ee-455d-bf85-0eb235415cf2', '7f709d6c-d27c-437b-898f-20fef45b1c4a', 'c183ad17-60a6-4ffc-817e-55b2311761e9', 'c50cfa0f-3da4-4bb3-81d3-8c60d5270549']",1
0ad96bc1-0d26-4c8d-a72d-420e98ae59e1,Revisited. Roosenberg Abbey.,[],[],['43c66a4f-8c7b-409c-b90c-b53ff517b21b'],1
31c07f84-1359-4a07-b0e9-342978e41c45,Architecture between Dwelling and Spatial Systematics. The early work of the generation of ’74.,[],[],"['43c66a4f-8c7b-409c-b90c-b53ff517b21b', '5a68b226-aa85-4071-a75a-607bbb3e879b', '22f432ab-2355-492d-8b5d-4084742a1a33', '44fec7df-6c04-49e0-adb4-5c5940670060', '0430ab21-49db-4337-a0fc-a526426ab04d']",1
d937d0c3-42fe-4867-bf22-7f07dd86b073,Dom Hans van der Laan. A House for the Mind. A Design Manual on Roosenberg Abbey,[],[],['43c66a4f-8c7b-409c-b90c-b53ff517b21b'],1
f49d06f4-3960-4710-9dcd-5a6b381ed06b,Rotated modulations for outage probability minimization: a fading space approach,['000287512700213'],[],"['fb063d39-693d-4336-96b8-0d3beaa62dfc', '35b06a48-c9ee-455d-bf85-0eb235415cf2', 'f9664f5a-60c9-4520-b7e4-a175bac26e1f']",1
56a615d6-9211-44c4-9375-ae8d5d65e96a,Accurate closed-form approximation of BER for OSTBCs with estimated CSI on spatially correlated rayleigh fading MIMO channels,['000316806700027'],['0501'],"['96a7c47f-4bc5-4d7f-8a91-84ee79bb3462', '35b06a48-c9ee-455d-bf85-0eb235415cf2']",1
2292b40c-033d-4228-a5c0-05b861acfd6f,Stability outage analysis for LDPC codes,['000297369600028'],['0501'],"['fb063d39-693d-4336-96b8-0d3beaa62dfc', '35b06a48-c9ee-455d-bf85-0eb235415cf2', '00174da7-dc07-4981-9d8f-fd3e68a7bcf9']",1
dbd80e47-fa92-403c-8ee2-9c65ed908c73,Comments on &#39;Exact error performance of square orthogonal space-time block coding with channel estimation&#39;,['000272043900015'],"['0501', '0202']","['96a7c47f-4bc5-4d7f-8a91-84ee79bb3462', '35b06a48-c9ee-455d-bf85-0eb235415cf2']",1
34fa9c25-fb70-4ecb-94c9-3d0791f4977c,A low-complexity iterative phase noise tracker for bit-interleaved coded CPM signals in AWGN,['000293757300015'],['0202'],"['5e949071-d07b-4ca6-86fa-e42095315747', '35b06a48-c9ee-455d-bf85-0eb235415cf2', 'fa1d8619-5d1a-4775-a02f-18e990792cd1', '6a3520b0-89fb-49ee-bbc1-d3c2405fad21']",1
46f441d7-3d46-417a-9ff2-7b2da307338d,De invloed van Dom Hans van der Laan op de na-oorlogse kerkenproductie in Zuid-Limburg,[],[],"['43c66a4f-8c7b-409c-b90c-b53ff517b21b', '11aed73c-ffbb-4689-9d29-8d8739790092', 'fb238af6-a0d9-42bd-a00e-e254c62f9fbf']",1
f05d7552-ad72-4ca2-b382-af31717c9258,Abstraction et modernisme dans la photographie et le cinéma belges 1920-1935,[],[],"['01e1efb5-4056-47af-b1de-56a6cb4d6d11', '0fc96e1b-5d34-4556-90d7-f8b7724722f5', '58e92e44-62f9-4d67-9efc-a251d106499f']",1
48924412-e755-4314-956a-2bed064690a0,Time-of-arrival estimation by means of SAGE for IR-UWB in the presence of pulse overlap,[],[],"['e1aee6c9-11b7-47e6-a204-6709f32b67f1', '35b06a48-c9ee-455d-bf85-0eb235415cf2', '8c63d8b7-cf8a-4c09-8b9e-101570a702ed', '4cd54060-b6ad-4db0-ad36-f462acac1f9d', '1cec9619-d801-4c59-88bd-84f4212682ca', 'c358ffe5-3d78-44ab-98e0-19903a7f9433']",1
dddfc0e3-1e01-430a-8cdf-f68e7020c4d5,Novel bitloading algorithms for coded G.fast DSL transmission with linear and nonlinear precoding,['000371708101025'],[],"['35b06a48-c9ee-455d-bf85-0eb235415cf2', '01c8c0ea-af42-4b4f-b7b8-4e99572980a4', '149c33ac-d3fe-467c-9c81-55c45e65d33d', '78387ae7-29ec-45fe-bf64-e6855a51d817', '797ad305-73c6-440b-932b-9dc4e22d99fc', '6515285f-8b7d-4333-85bc-df66643cd273', '8024993d-6f59-4a68-83a4-bfb99f0b8580']",1
21835e40-20c1-4e90-8270-625a458a17f4,Synchronization of digital signals,[],[],"['5e949071-d07b-4ca6-86fa-e42095315747', '35b06a48-c9ee-455d-bf85-0eb235415cf2', 'a92b814b-518d-48e6-83e7-e447cde496af', '12f2f2ad-3214-42ff-8fef-09ff4db06e31', 'e11a1efa-86ea-4ba0-b6e3-604136c3c349']",1
d069852b-d5c2-45cd-83b2-d7938f05eecb,"The Case of Belgium: Postmedium and Institutional Ambiguities in the Work of Broodthaers, Charlier, and Geys",[],[],"['01e1efb5-4056-47af-b1de-56a6cb4d6d11', '00411694-6644-4e13-a154-b6320bb1ff53', '665bf38b-0a81-43e6-ac3b-6fc0d6aa3960']",1
99a1e181-3193-4376-abb9-16754cae2d64,Dom Hans van der Laan (1904-1991) Zijn invloed op de naoorlogse kerken- productie in het gebied tussen Maas en Rijn,[],[],"['43c66a4f-8c7b-409c-b90c-b53ff517b21b', '11aed73c-ffbb-4689-9d29-8d8739790092', 'c71ced49-1adb-456f-96ca-1f7e37c90240']",1
324f0f3b-de52-4c27-8e76-b05bce445e72,Dom Hans van der Laan’s Architectonic Space: A peculiar Blend of Architectural Modernity and Religious Tradition,['000396041900005'],['0699'],['43c66a4f-8c7b-409c-b90c-b53ff517b21b'],1
652bf19c-7bbb-43b5-965f-7ffd82fdc43e,Effect of random antenna element displacements on sparse-UCA-Root-MUSIC direction-of-arrival estimation,['000435263000228'],[],"['e33ddfd2-5890-4b5b-87da-19c88840af06', 'e33ddfd2-5890-4b5b-87da-19c88840af06', 'e5174464-1364-4fcb-bd19-63ec7e3b091f', '19f8e256-79a7-4405-9f55-b55c39ff3261', 'fa217cc2-f93d-4cf5-9162-3e4269fe9b02', 'ca6546ea-344f-4812-b230-e946a19498f3', '35b06a48-c9ee-455d-bf85-0eb235415cf2', '8edb7455-ec4e-4894-9fcb-d84e0edb91bf', '8edb7455-ec4e-4894-9fcb-d84e0edb91bf', '8edb7455-ec4e-4894-9fcb-d84e0edb91bf']",1
2f7e05e7-6f3d-4fc0-a4d9-701932c9b0ad,Performance analysis of a discrete-time queueing system with priority jumps,['000271176600006'],"['0501', '0202']","['5dbd6273-37cb-4f92-afac-e28e5daf8643', '5dbd6273-37cb-4f92-afac-e28e5daf8643', '35b06a48-c9ee-455d-bf85-0eb235415cf2', '8edb7455-ec4e-4894-9fcb-d84e0edb91bf', '8edb7455-ec4e-4894-9fcb-d84e0edb91bf', '8edb7455-ec4e-4894-9fcb-d84e0edb91bf', '801fe634-03ac-44d9-ace9-240ef2021369']",1
27401923-870a-4ed2-a78b-84463e436a81,Small Architectural Situations: Living (togehter) Between Type and Topos,[],[],"['43c66a4f-8c7b-409c-b90c-b53ff517b21b', '8f571cb5-e860-4734-b57f-6ac795432ef5']",1
4a4040e1-ed97-462d-a6d5-7aefeea36a9f,Catholic architecture in the twentieth century. The four architects of the Leiden Van der Laan family,['000469393700027'],[],['43c66a4f-8c7b-409c-b90c-b53ff517b21b'],1
27d92a2c-9abf-4afa-9d31-2a6ab8d613c0,The Photoconceptual Work,[],[],"['01e1efb5-4056-47af-b1de-56a6cb4d6d11', '3b0e95ef-405f-40f8-88b6-0505c7f74aad', '94c547da-43d3-42d1-9a67-226aa9c276ec']",1
c095ea65-4232-4b31-a2fc-be9e1410eda5,Symbol-asynchronous transmission in multibeam satellite user down-link : rate regions for novel superposition coding schemes,['000462968100212'],[],"['5e949071-d07b-4ca6-86fa-e42095315747', '35b06a48-c9ee-455d-bf85-0eb235415cf2', '00006a99-4a99-469d-aec9-3fc3a51a8d7b', '3ab810b6-7d29-4038-98af-4c5b9e8c0fcd', 'f4963888-bfc9-42cd-b16d-450ea4fcc5c6', '9a753dca-167e-42a1-aa0d-c9a2cc26adae']",1
e596acff-1837-4e92-8df3-67a8adf72d62,Iterative receiver with reduced implementation complexity for phase noise affected BIC-CPM,[],[],"['5e949071-d07b-4ca6-86fa-e42095315747', '35b06a48-c9ee-455d-bf85-0eb235415cf2', '41d2773c-e97e-4211-aa50-5aae2d6540f3', '5cbcf75c-6471-49f8-893a-c812391c85b7']",1
21b56b9e-7fb6-4897-93d0-64e1b4c6edd1,Exact BER analysis for QAM transmission on arbitrary fading channels with maximal-ratio combining and imperfect channel estimation,['000282721800122'],[],"['96a7c47f-4bc5-4d7f-8a91-84ee79bb3462', '35b06a48-c9ee-455d-bf85-0eb235415cf2']",1
0aca671a-090e-47e1-9465-db1859ce223c,Analysis and efficient evaluation of the BER of OSTBCs with imperfect channel estimation in arbitrarily correlated fading channels,['000290736800021'],['0202'],"['96a7c47f-4bc5-4d7f-8a91-84ee79bb3462', '35b06a48-c9ee-455d-bf85-0eb235415cf2', '8edb7455-ec4e-4894-9fcb-d84e0edb91bf', '8edb7455-ec4e-4894-9fcb-d84e0edb91bf', '8edb7455-ec4e-4894-9fcb-d84e0edb91bf', '1ec6eabd-a490-4293-81ed-b5765fff36b7', 'e1633852-099b-4303-979f-9817bd9d08a2']",1
61305e60-fc71-4c9a-b984-f47625fa0f22,Performance analysis of pre-equalized multilevel partial response schemes,['000380436100111'],[],"['01c8c0ea-af42-4b4f-b7b8-4e99572980a4', '96a7c47f-4bc5-4d7f-8a91-84ee79bb3462', '35b06a48-c9ee-455d-bf85-0eb235415cf2', '9d662324-bb8b-4e0a-b94c-6f970dc4306e']",1
e7c50b76-99ed-4653-92ef-498e41e8a1c1,Algorithms for iterative phase noise estimation based on a truncated DCT expansion,['000299165600011'],[],"['5e949071-d07b-4ca6-86fa-e42095315747', '35b06a48-c9ee-455d-bf85-0eb235415cf2', '2846cb1d-3b22-46e2-bd73-5dda2c232a9a']",1
c1cc9339-a27b-4d23-86ac-e86065f6397c,Frame synchronization for pulsed jammed satellite telecommand links,[],[],"['5e949071-d07b-4ca6-86fa-e42095315747', '35b06a48-c9ee-455d-bf85-0eb235415cf2']",1
13b69cbd-7078-4521-b172-b656aba0d3ec,Design of diversity-achieving LDPC codes for H-ARQ with cross-packet channel coding,['000305822600047'],[],"['fb063d39-693d-4336-96b8-0d3beaa62dfc', '35b06a48-c9ee-455d-bf85-0eb235415cf2', '12e32c73-b327-46b0-b548-08117b5dc481', '89086191-ed4c-4221-a0cf-50f27cfbcfc0']",1
89f579c3-3ad5-4407-9041-67ac9b846a9e,Philippe Van Snick: dynamic project,[],[],"['01e1efb5-4056-47af-b1de-56a6cb4d6d11', '7262ebc2-f024-4763-ab86-671466c1a2e5']",1
68552091-79fb-4335-8d42-28579349e2c9,Comparison of error-control schemes for high-rate communication over short DSL loops affected by impulsive noise,['000349673804002'],[],"['149c33ac-d3fe-467c-9c81-55c45e65d33d', '35b06a48-c9ee-455d-bf85-0eb235415cf2', '1bb5ff2b-47bb-405a-80af-79336f0fcc6c', '84b23747-b47b-456a-86e4-b27b25cdbfc4', 'bc51c8dd-4bba-4000-bca0-71cb281cdbac']",1
f2231bc7-7c49-4272-a63a-04994b7053ad,Frequency-domain data-aided channel estimation for KSP-OFDM,[],[],"['1682d785-e9c3-443c-a191-1885e51231b4', '35b06a48-c9ee-455d-bf85-0eb235415cf2', '60058b71-b670-41d9-8ec8-2f0e69fa561e']",1
ac58c63a-21f0-4f4f-943b-468321257e40,Energy-efficient off-body data transmission by means of Antenna diversity and tracking of the time-variant wireless channel state,[],[],"['ceadf55b-7ba7-4b04-ac82-37f3afff1d5f', 'ca6546ea-344f-4812-b230-e946a19498f3', '35b06a48-c9ee-455d-bf85-0eb235415cf2', 'e5174464-1364-4fcb-bd19-63ec7e3b091f', '2c4933a1-9603-41c3-94df-a7bc63638f7e']",1
43603361-ed2b-4200-ae06-6da00674e950,USING SINGULARITY ANALYSIS TO APPROXIMATE TRANSIENT CHARACTERISTICS IN QUEUEING SYSTEMS,['000264582600008'],"['0299', '0303']","['5dbd6273-37cb-4f92-afac-e28e5daf8643', '5dbd6273-37cb-4f92-afac-e28e5daf8643', '3cbc0b2b-66c5-4e5b-9a31-a578e011e4d6', '35b06a48-c9ee-455d-bf85-0eb235415cf2']",1
2c0094c1-02da-40c1-afda-8a368c50886c,A full-diversity joint network-channel code construction for cooperative communications,['000305824601058'],[],"['fb063d39-693d-4336-96b8-0d3beaa62dfc', '35b06a48-c9ee-455d-bf85-0eb235415cf2', '40e6d6e0-c4bf-4dc4-bfeb-de43c602af54', '3ceed857-5128-4168-948f-f421da861b58']",1
bbf4e5ca-6ad0-40f3-a8d9-6a5d56c484ed,Application layer ARQ for protecting video packets over an indoor MIMO-OFDM link with correlated block fading,['000277063600017'],"['0501', '0202']","['8edb7455-ec4e-4894-9fcb-d84e0edb91bf', '8edb7455-ec4e-4894-9fcb-d84e0edb91bf', '8edb7455-ec4e-4894-9fcb-d84e0edb91bf', '35b06a48-c9ee-455d-bf85-0eb235415cf2', '149c33ac-d3fe-467c-9c81-55c45e65d33d', '879b20a6-397c-494f-9b98-50757765df70']",1
88381f97-3fd3-46bd-808d-43bf0e3a6dfc,Rate-adaptive modulation for square OSTBCs in arbitrarily correlated Rayleigh fading with imperfect channel estimation,['000299165600082'],[],"['96a7c47f-4bc5-4d7f-8a91-84ee79bb3462', '35b06a48-c9ee-455d-bf85-0eb235415cf2', '40c7c991-0738-4aba-836b-cdc27858134f']",1
09a9d89e-ddf0-43c2-bada-71659c1971a7,Photography Performing Humor,[],[],"['01e1efb5-4056-47af-b1de-56a6cb4d6d11', 'b57bc04e-a622-4e12-a8de-1a278248b875', '1d651a22-4ce0-463c-9911-33c0086f15d2', '7e7d5b33-d6c3-45ec-87ca-47a0fbd8f9e4', '8ac24c49-3a79-4e92-b4db-778828d8c5ba', '35276a2d-9e3d-4fc8-9271-79eda6a6d435', '9c81d3e1-6134-4e24-841f-5524641ae6a8', '6130ff1b-7ef5-4f92-95cb-443b5f0c3c73', 'db15e1f6-6f3c-47fe-b5f6-f6cd3c471ee2', '48470bb3-09de-47d8-8e96-ccc137ee9237', '0dec116d-e6ad-455b-9535-543bc370e5a4', '81385b55-b6c1-4726-8272-39a6bf9377e0', 'fa508142-e159-42a9-9c3b-c594bd5d682c']",1
b8064cf7-bc26-4f45-bb3a-08c2144a9976,Iterative DA/DD Channel Estimation for KSP-OFDM,['000259505000128'],[],"['1682d785-e9c3-443c-a191-1885e51231b4', '35b06a48-c9ee-455d-bf85-0eb235415cf2', '60058b71-b670-41d9-8ec8-2f0e69fa561e']",1
9dccc339-e929-4c8a-8c57-b01d3f693a13,The design conference model and its learning environment: a construction site,[],[],['613e4545-39c6-4b5b-9cb1-993191f97c75'],1
a7dfe953-f0cf-4363-bc1e-c234875bcda1,MAP-based code-aided hypothesis testing,['000259367000004'],"['0501', '0202']","['562b4037-0391-4f72-a64f-914302726655', '35b06a48-c9ee-455d-bf85-0eb235415cf2', '7fa01808-adbb-4b4b-b78e-591193d9e9bd', 'c4e51d49-544e-4526-b4ac-0ae175580452', '3d81f2e7-bf4b-4570-8085-19c5fddc71e1']",1
